Sample No.,C,C#,D,D#,E,F,F#,G,G#,A,A#,B,Key
1,0,0,0,0,0,0,0,0,0,0,0,1,1
2,0,0,0,0,0,0,0,0,0,0,0,1,3
3,0,0,0,0,0,0,0,0,0,0,0,1,7
4,0,0,0,0,0,0,0,0,0,0,0,1,8
5,0,0,0,0,0,0,0,0,0,0,0,1,17
6,0,0,0,0,0,0,0,0,0,0,0,1,22
7,0,0,0,0,0,0,0,0,0,0,0,1,24
8,0,0,0,0,0,0,0,0,0,0,1,0,2
9,0,0,0,0,0,0,0,0,0,0,1,0,12
10,0,0,0,0,0,0,0,0,0,0,1,0,15
11,0,0,0,0,0,0,0,0,0,0,1,0,16
12,0,0,0,0,0,0,0,0,0,0,1,0,18
13,0,0,0,0,0,0,0,0,0,0,1,0,23
14,0,0,0,0,0,0,0,0,0,1,0,0,3
15,0,0,0,0,0,0,0,0,0,1,0,0,15
16,0,0,0,0,0,0,0,0,0,1,0,0,22
17,0,0,0,0,0,0,0,0,0,1,0,1,8
18,0,0,0,0,0,0,0,0,1,0,0,0,9
19,0,0,0,0,0,0,0,0,1,0,0,0,14
20,0,0,0,0,0,0,0,0,1,0,0,0,16
21,0,0,0,0,0,0,0,0,1,0,0,0,18
22,0,0,0,0,0,0,0,0,1,0,0,0,19
23,0,0,0,0,0,0,0,0,1,0,0,0,23
24,0,0,0,0,0,0,0,0,1,0,0,1,21
25,0,0,0,0,0,0,0,0,1,0,1,0,13
26,0,0,0,0,0,0,0,0,1,0,1,0,15
27,0,0,0,0,0,0,0,0,1,0,1,0,23
28,0,0,0,0,0,0,0,0,1,1,0,0,3
29,0,0,0,0,0,0,0,0,1,1,1,1,3
30,0,0,0,0,0,0,0,1,0,0,0,0,1
31,0,0,0,0,0,0,0,1,0,0,0,0,8
32,0,0,0,0,0,0,0,1,0,0,0,0,9
33,0,0,0,0,0,0,0,1,0,0,0,0,13
34,0,0,0,0,0,0,0,1,0,0,0,0,20
35,0,0,0,0,0,0,0,1,0,0,1,0,15
36,0,0,0,0,0,0,0,1,0,0,1,0,20
37,0,0,0,0,0,0,0,1,1,0,0,0,13
38,0,0,0,0,0,0,1,0,0,0,0,0,3
39,0,0,0,0,0,0,1,0,0,0,0,0,7
40,0,0,0,0,0,0,1,0,0,0,0,0,19
41,0,0,0,0,0,0,1,0,0,0,0,1,5
42,0,0,0,0,0,0,1,0,0,0,0,1,7
43,0,0,0,0,0,0,1,0,0,0,1,0,5
44,0,0,0,0,0,0,1,0,0,0,1,0,7
45,0,0,0,0,0,0,1,0,0,0,1,1,7
46,0,0,0,0,0,0,1,0,0,1,0,0,3
47,0,0,0,0,0,0,1,0,0,1,0,1,5
48,0,0,0,0,0,0,1,0,0,1,0,1,17
49,0,0,0,0,0,0,1,0,1,0,0,0,16
50,0,0,0,0,0,0,1,0,1,0,0,1,5
51,0,0,0,0,0,0,1,1,0,0,1,1,24
52,0,0,0,0,0,0,1,1,0,1,0,0,3
53,0,0,0,0,0,0,1,1,0,1,0,1,3
54,0,0,0,0,0,0,1,1,0,1,0,1,17
55,0,0,0,0,0,0,1,1,1,1,0,0,22
56,0,0,0,0,0,1,0,0,0,0,0,0,6
57,0,0,0,0,0,1,0,0,0,0,0,0,15
58,0,0,0,0,0,1,0,0,0,0,0,0,18
59,0,0,0,0,0,1,0,0,0,0,1,0,16
60,0,0,0,0,0,1,0,0,0,1,0,0,15
61,0,0,0,0,0,1,0,0,1,0,1,0,18
62,0,0,0,0,0,1,0,1,0,0,0,0,13
63,0,0,0,0,0,1,0,1,1,0,1,0,18
64,0,0,0,0,0,1,1,0,0,0,0,0,23
65,0,0,0,0,0,1,1,0,0,1,0,0,23
66,0,0,0,0,0,1,1,1,1,0,0,0,13
67,0,0,0,0,0,1,1,1,1,0,0,0,22
68,0,0,0,0,1,0,0,0,0,0,0,0,5
69,0,0,0,0,1,0,0,0,0,0,0,0,14
70,0,0,0,0,1,0,0,0,0,0,0,0,17
71,0,0,0,0,1,0,0,0,0,0,0,1,5
72,0,0,0,0,1,0,0,0,0,0,0,1,17
73,0,0,0,0,1,0,0,0,0,0,0,1,19
74,0,0,0,0,1,0,0,0,0,0,0,1,22
75,0,0,0,0,1,0,0,0,0,0,0,1,24
76,0,0,0,0,1,0,0,0,0,1,0,0,3
77,0,0,0,0,1,0,0,0,0,1,0,0,5
78,0,0,0,0,1,0,0,0,0,1,0,0,15
79,0,0,0,0,1,0,0,0,0,1,0,0,16
80,0,0,0,0,1,0,0,0,0,1,0,0,19
81,0,0,0,0,1,0,0,0,0,1,0,0,22
82,0,0,0,0,1,0,0,0,0,1,0,1,5
83,0,0,0,0,1,0,0,0,0,1,0,1,17
84,0,0,0,0,1,0,0,0,0,1,0,1,24
85,0,0,0,0,1,0,0,0,0,1,1,0,16
86,0,0,0,0,1,0,0,0,1,0,0,1,5
87,0,0,0,0,1,0,0,0,1,0,0,1,7
88,0,0,0,0,1,0,0,0,1,0,0,1,10
89,0,0,0,0,1,0,0,0,1,0,0,1,12
90,0,0,0,0,1,0,0,0,1,0,0,1,19
91,0,0,0,0,1,0,0,0,1,0,0,1,22
92,0,0,0,0,1,0,0,0,1,0,0,1,24
93,0,0,0,0,1,0,0,0,1,1,0,1,5
94,0,0,0,0,1,0,0,0,1,1,0,1,10
95,0,0,0,0,1,0,0,0,1,1,0,1,19
96,0,0,0,0,1,0,0,1,0,0,0,0,13
97,0,0,0,0,1,0,0,1,0,0,0,0,17
98,0,0,0,0,1,0,0,1,0,0,0,1,1
99,0,0,0,0,1,0,0,1,0,0,0,1,3
100,0,0,0,0,1,0,0,1,0,0,0,1,8
101,0,0,0,0,1,0,0,1,0,0,0,1,17
102,0,0,0,0,1,0,0,1,0,0,0,1,22
103,0,0,0,0,1,0,0,1,0,0,0,1,24
104,0,0,0,0,1,0,0,1,0,1,0,0,15
105,0,0,0,0,1,0,0,1,0,1,0,0,17
106,0,0,0,0,1,0,0,1,0,1,0,0,22
107,0,0,0,0,1,0,0,1,0,1,0,1,1
108,0,0,0,0,1,0,0,1,0,1,0,1,8
109,0,0,0,0,1,0,0,1,0,1,0,1,17
110,0,0,0,0,1,0,0,1,0,1,0,1,22
111,0,0,0,0,1,0,0,1,1,0,0,1,24
112,0,0,0,0,1,0,1,0,0,0,0,0,5
113,0,0,0,0,1,0,1,0,0,0,0,0,19
114,0,0,0,0,1,0,1,0,0,0,0,1,5
115,0,0,0,0,1,0,1,0,0,0,1,0,24
116,0,0,0,0,1,0,1,0,0,1,0,0,22
117,0,0,0,0,1,0,1,0,0,1,0,1,5
118,0,0,0,0,1,0,1,0,0,1,1,0,24
119,0,0,0,0,1,0,1,0,1,0,0,1,5
120,0,0,0,0,1,0,1,0,1,0,0,1,10
121,0,0,0,0,1,0,1,0,1,0,0,1,17
122,0,0,0,0,1,0,1,0,1,0,0,1,19
123,0,0,0,0,1,0,1,0,1,0,0,1,21
124,0,0,0,0,1,0,1,0,1,0,1,1,7
125,0,0,0,0,1,0,1,0,1,1,0,0,10
126,0,0,0,0,1,0,1,0,1,1,0,0,19
127,0,0,0,0,1,0,1,0,1,1,0,1,1
128,0,0,0,0,1,0,1,0,1,1,0,1,5
129,0,0,0,0,1,0,1,0,1,1,0,1,10
130,0,0,0,0,1,0,1,0,1,1,0,1,19
131,0,0,0,0,1,0,1,1,0,0,0,1,3
132,0,0,0,0,1,0,1,1,0,0,0,1,8
133,0,0,0,0,1,0,1,1,0,0,0,1,17
134,0,0,0,0,1,0,1,1,0,0,0,1,24
135,0,0,0,0,1,0,1,1,0,1,0,0,20
136,0,0,0,0,1,0,1,1,0,1,0,1,3
137,0,0,0,0,1,0,1,1,0,1,0,1,8
138,0,0,0,0,1,0,1,1,0,1,0,1,17
139,0,0,0,0,1,0,1,1,0,1,0,1,24
140,0,0,0,0,1,0,1,1,1,0,0,0,19
141,0,0,0,0,1,1,0,0,0,0,0,0,15
142,0,0,0,0,1,1,0,0,0,0,0,1,22
143,0,0,0,0,1,1,0,0,0,1,0,0,15
144,0,0,0,0,1,1,0,0,1,1,0,1,19
145,0,0,0,0,1,1,0,1,0,0,1,0,15
146,0,0,0,0,1,1,0,1,0,1,0,1,1
147,0,0,0,0,1,1,1,0,1,1,0,1,19
148,0,0,0,0,1,1,1,1,0,1,1,1,1
149,0,0,0,1,0,0,0,0,0,0,0,0,4
150,0,0,0,1,0,0,0,0,0,0,0,0,5
151,0,0,0,1,0,0,0,0,0,0,0,0,16
152,0,0,0,1,0,0,0,0,0,0,0,0,18
153,0,0,0,1,0,0,0,0,0,0,1,0,16
154,0,0,0,1,0,0,0,0,1,0,0,0,5
155,0,0,0,1,0,0,0,0,1,0,0,0,16
156,0,0,0,1,0,0,0,0,1,0,0,0,21
157,0,0,0,1,0,0,0,0,1,0,0,1,7
158,0,0,0,1,0,0,0,0,1,0,0,1,21
159,0,0,0,1,0,0,0,0,1,0,1,0,7
160,0,0,0,1,0,0,0,0,1,0,1,0,16
161,0,0,0,1,0,0,0,0,1,0,1,1,21
162,0,0,0,1,0,0,0,0,1,1,0,1,16
163,0,0,0,1,0,0,0,1,0,0,1,0,4
164,0,0,0,1,0,0,0,1,0,0,1,0,9
165,0,0,0,1,0,0,0,1,0,0,1,0,18
166,0,0,0,1,0,0,0,1,0,0,1,0,20
167,0,0,0,1,0,0,0,1,1,0,1,0,9
168,0,0,0,1,0,0,0,1,1,0,1,1,21
169,0,0,0,1,0,0,1,0,0,0,0,0,16
170,0,0,0,1,0,0,1,0,0,0,0,0,21
171,0,0,0,1,0,0,1,0,0,0,0,1,5
172,0,0,0,1,0,0,1,0,0,0,0,1,7
173,0,0,0,1,0,0,1,0,0,0,0,1,12
174,0,0,0,1,0,0,1,0,0,0,0,1,19
175,0,0,0,1,0,0,1,0,0,0,0,1,24
176,0,0,0,1,0,0,1,0,0,0,1,0,7
177,0,0,0,1,0,0,1,0,0,0,1,0,12
178,0,0,0,1,0,0,1,0,0,0,1,0,16
179,0,0,0,1,0,0,1,0,0,0,1,1,7
180,0,0,0,1,0,0,1,0,0,0,1,1,12
181,0,0,0,1,0,0,1,0,0,0,1,1,16
182,0,0,0,1,0,0,1,0,0,1,0,1,3
183,0,0,0,1,0,0,1,0,0,1,0,1,7
184,0,0,0,1,0,0,1,0,0,1,0,1,12
185,0,0,0,1,0,0,1,0,1,0,0,1,7
186,0,0,0,1,0,0,1,0,1,0,0,1,12
187,0,0,0,1,0,0,1,0,1,0,0,1,21
188,0,0,0,1,0,0,1,0,1,0,1,0,12
189,0,0,0,1,0,0,1,0,1,0,1,0,16
190,0,0,0,1,0,0,1,0,1,0,1,1,7
191,0,0,0,1,0,0,1,0,1,0,1,1,12
192,0,0,0,1,0,0,1,0,1,0,1,1,16
193,0,0,0,1,0,0,1,0,1,0,1,1,21
194,0,0,0,1,0,0,1,0,1,1,0,1,5
195,0,0,0,1,0,0,1,1,0,0,0,0,13
196,0,0,0,1,0,0,1,1,0,1,0,1,24
197,0,0,0,1,0,0,1,1,1,0,1,1,21
198,0,0,0,1,0,1,0,0,0,0,1,0,18
199,0,0,0,1,0,1,0,0,1,0,0,0,18
200,0,0,0,1,0,1,0,0,1,0,1,0,9
201,0,0,0,1,0,1,0,0,1,0,1,0,23
202,0,0,0,1,0,1,0,1,0,0,1,0,4
203,0,0,0,1,0,1,0,1,0,0,1,0,11
204,0,0,0,1,0,1,0,1,0,1,1,0,11
205,0,0,0,1,0,1,0,1,1,0,0,0,20
206,0,0,0,1,0,1,0,1,1,0,1,0,9
207,0,0,0,1,0,1,0,1,1,0,1,0,18
208,0,0,0,1,0,1,0,1,1,0,1,1,4
209,0,0,0,1,0,1,1,0,0,0,1,0,16
210,0,0,0,1,0,1,1,0,0,0,1,1,7
211,0,0,0,1,0,1,1,0,0,0,1,1,16
212,0,0,0,1,0,1,1,0,1,0,0,1,7
213,0,0,0,1,0,1,1,0,1,0,1,0,16
214,0,0,0,1,0,1,1,0,1,0,1,0,21
215,0,0,0,1,0,1,1,0,1,0,1,1,7
216,0,0,0,1,1,0,0,0,0,1,0,0,5
217,0,0,0,1,1,0,0,0,0,1,1,1,19
218,0,0,0,1,1,0,0,0,1,0,0,1,19
219,0,0,0,1,1,0,0,0,1,1,0,1,5
220,0,0,0,1,1,0,0,1,0,0,1,0,6
221,0,0,0,1,1,0,1,0,0,0,0,1,5
222,0,0,0,1,1,0,1,0,0,0,0,1,14
223,0,0,0,1,1,0,1,0,0,0,1,0,5
224,0,0,0,1,1,0,1,0,0,0,1,0,12
225,0,0,0,1,1,0,1,0,0,1,0,1,5
226,0,0,0,1,1,0,1,0,0,1,0,1,14
227,0,0,0,1,1,0,1,0,0,1,0,1,24
228,0,0,0,1,1,0,1,0,0,1,1,1,19
229,0,0,0,1,1,0,1,0,1,0,0,0,5
230,0,0,0,1,1,0,1,0,1,0,0,1,5
231,0,0,0,1,1,0,1,0,1,0,0,1,12
232,0,0,0,1,1,0,1,0,1,0,0,1,14
233,0,0,0,1,1,0,1,0,1,0,0,1,19
234,0,0,0,1,1,0,1,0,1,0,0,1,21
235,0,0,0,1,1,0,1,0,1,0,1,0,21
236,0,0,0,1,1,0,1,0,1,1,0,1,5
237,0,0,0,1,1,0,1,0,1,1,0,1,12
238,0,0,0,1,1,0,1,0,1,1,0,1,14
239,0,0,0,1,1,0,1,1,0,0,0,1,17
240,0,0,0,1,1,0,1,1,0,0,1,1,17
241,0,0,0,1,1,0,1,1,0,1,0,0,17
242,0,0,0,1,1,0,1,1,0,1,0,1,8
243,0,0,0,1,1,0,1,1,0,1,0,1,17
244,0,0,0,1,1,1,1,0,0,0,0,0,20
245,0,0,0,1,1,1,1,0,1,0,1,1,12
246,0,0,1,0,0,0,0,0,0,0,0,0,3
247,0,0,1,0,0,0,0,0,0,0,0,0,15
248,0,0,1,0,0,0,0,0,0,0,0,0,24
249,0,0,1,0,0,0,0,0,0,0,0,1,24
250,0,0,1,0,0,0,0,0,0,0,1,0,15
251,0,0,1,0,0,0,0,0,0,1,0,0,3
252,0,0,1,0,0,0,0,0,0,1,0,0,15
253,0,0,1,0,0,0,0,0,0,1,0,0,17
254,0,0,1,0,0,0,0,0,0,1,1,0,15
255,0,0,1,0,0,0,0,0,1,0,1,0,16
256,0,0,1,0,0,0,0,1,0,0,0,0,8
257,0,0,1,0,0,0,0,1,0,0,0,0,15
258,0,0,1,0,0,0,0,1,0,0,0,1,1
259,0,0,1,0,0,0,0,1,0,0,0,1,3
260,0,0,1,0,0,0,0,1,0,0,0,1,8
261,0,0,1,0,0,0,0,1,0,0,0,1,22
262,0,0,1,0,0,0,0,1,0,0,0,1,24
263,0,0,1,0,0,0,0,1,0,0,1,0,6
264,0,0,1,0,0,0,0,1,0,0,1,0,15
265,0,0,1,0,0,0,0,1,0,0,1,0,20
266,0,0,1,0,0,0,0,1,0,0,1,1,8
267,0,0,1,0,0,0,0,1,0,0,1,1,15
268,0,0,1,0,0,0,0,1,0,1,0,1,3
269,0,0,1,0,0,0,0,1,0,1,0,1,8
270,0,0,1,0,0,0,0,1,0,1,0,1,22
271,0,0,1,0,0,0,0,1,0,1,0,1,24
272,0,0,1,0,0,0,0,1,0,1,1,0,6
273,0,0,1,0,0,0,0,1,0,1,1,0,15
274,0,0,1,0,0,0,0,1,0,1,1,0,20
275,0,0,1,0,0,0,0,1,1,0,0,1,13
276,0,0,1,0,0,0,0,1,1,0,1,1,13
277,0,0,1,0,0,0,1,0,0,0,0,0,3
278,0,0,1,0,0,0,1,0,0,0,0,1,7
279,0,0,1,0,0,0,1,0,0,0,0,1,10
280,0,0,1,0,0,0,1,0,0,0,0,1,19
281,0,0,1,0,0,0,1,0,0,0,0,1,24
282,0,0,1,0,0,0,1,0,0,1,0,0,3
283,0,0,1,0,0,0,1,0,0,1,0,0,10
284,0,0,1,0,0,0,1,0,0,1,0,0,15
285,0,0,1,0,0,0,1,0,0,1,0,0,17
286,0,0,1,0,0,0,1,0,0,1,0,0,19
287,0,0,1,0,0,0,1,0,0,1,0,0,22
288,0,0,1,0,0,0,1,0,0,1,0,0,24
289,0,0,1,0,0,0,1,0,0,1,0,1,3
290,0,0,1,0,0,0,1,0,0,1,0,1,8
291,0,0,1,0,0,0,1,0,0,1,0,1,19
292,0,0,1,0,0,0,1,0,0,1,0,1,24
293,0,0,1,0,0,0,1,0,0,1,1,0,3
294,0,0,1,0,0,0,1,0,0,1,1,1,3
295,0,0,1,0,0,0,1,0,1,0,0,1,19
296,0,0,1,0,0,0,1,0,1,0,0,1,24
297,0,0,1,0,0,0,1,0,1,1,0,0,3
298,0,0,1,0,0,0,1,0,1,1,0,0,19
299,0,0,1,0,0,0,1,0,1,1,0,1,19
300,0,0,1,0,0,0,1,0,1,1,0,1,24
301,0,0,1,0,0,0,1,1,0,0,1,0,20
302,0,0,1,0,0,0,1,1,0,1,0,0,3
303,0,0,1,0,0,0,1,1,0,1,0,0,8
304,0,0,1,0,0,0,1,1,0,1,0,1,3
305,0,0,1,0,0,0,1,1,0,1,0,1,8
306,0,0,1,0,0,0,1,1,0,1,0,1,17
307,0,0,1,0,0,0,1,1,0,1,0,1,22
308,0,0,1,0,0,0,1,1,0,1,0,1,24
309,0,0,1,0,0,0,1,1,0,1,1,0,20
310,0,0,1,0,0,0,1,1,1,1,0,0,3
311,0,0,1,0,0,1,0,0,0,0,1,0,1
312,0,0,1,0,0,1,0,0,0,0,1,0,6
313,0,0,1,0,0,1,0,0,0,0,1,0,9
314,0,0,1,0,0,1,0,0,0,0,1,0,15
315,0,0,1,0,0,1,0,0,0,1,0,0,1
316,0,0,1,0,0,1,0,0,0,1,0,0,6
317,0,0,1,0,0,1,0,0,0,1,0,0,15
318,0,0,1,0,0,1,0,0,0,1,0,0,22
319,0,0,1,0,0,1,0,0,0,1,0,1,19
320,0,0,1,0,0,1,0,0,0,1,1,0,15
321,0,0,1,0,0,1,0,0,1,0,1,0,9
322,0,0,1,0,0,1,0,0,1,0,1,0,18
323,0,0,1,0,0,1,0,0,1,1,0,0,15
324,0,0,1,0,0,1,0,0,1,1,0,1,15
325,0,0,1,0,0,1,0,1,0,0,0,1,1
326,0,0,1,0,0,1,0,1,0,0,0,1,15
327,0,0,1,0,0,1,0,1,0,0,0,1,17
328,0,0,1,0,0,1,0,1,0,0,1,0,6
329,0,0,1,0,0,1,0,1,0,0,1,0,15
330,0,0,1,0,0,1,0,1,0,0,1,1,20
331,0,0,1,0,0,1,0,1,0,1,0,0,6
332,0,0,1,0,0,1,0,1,0,1,0,0,15
333,0,0,1,0,0,1,0,1,0,1,0,1,17
334,0,0,1,0,0,1,0,1,0,1,1,0,6
335,0,0,1,0,0,1,0,1,0,1,1,0,15
336,0,0,1,0,0,1,0,1,0,1,1,0,20
337,0,0,1,0,0,1,0,1,1,1,0,0,15
338,0,0,1,0,0,1,1,0,0,0,0,1,19
339,0,0,1,0,0,1,1,0,0,1,0,0,6
340,0,0,1,0,0,1,1,0,0,1,0,0,22
341,0,0,1,0,0,1,1,0,0,1,0,1,19
342,0,0,1,0,0,1,1,0,1,1,0,1,24
343,0,0,1,0,1,0,0,0,0,0,0,0,3
344,0,0,1,0,1,0,0,0,0,0,0,0,17
345,0,0,1,0,1,0,0,0,0,0,0,1,17
346,0,0,1,0,1,0,0,0,0,0,0,1,24
347,0,0,1,0,1,0,0,0,0,0,1,0,15
348,0,0,1,0,1,0,0,0,0,1,0,0,15
349,0,0,1,0,1,0,0,0,0,1,0,0,17
350,0,0,1,0,1,0,0,0,0,1,0,0,22
351,0,0,1,0,1,0,0,0,0,1,0,1,3
352,0,0,1,0,1,0,0,0,0,1,0,1,17
353,0,0,1,0,1,0,0,0,0,1,0,1,22
354,0,0,1,0,1,0,0,0,0,1,0,1,24
355,0,0,1,0,1,0,0,0,0,1,1,0,15
356,0,0,1,0,1,0,0,0,0,1,1,1,17
357,0,0,1,0,1,0,0,0,1,0,0,1,10
358,0,0,1,0,1,0,0,0,1,0,0,1,19
359,0,0,1,0,1,0,0,0,1,0,0,1,24
360,0,0,1,0,1,0,0,0,1,1,0,1,24
361,0,0,1,0,1,0,0,0,1,1,1,1,24
362,0,0,1,0,1,0,0,1,0,0,0,0,3
363,0,0,1,0,1,0,0,1,0,0,0,1,3
364,0,0,1,0,1,0,0,1,0,0,0,1,8
365,0,0,1,0,1,0,0,1,0,0,0,1,17
366,0,0,1,0,1,0,0,1,0,0,0,1,24
367,0,0,1,0,1,0,0,1,0,0,1,0,15
368,0,0,1,0,1,0,0,1,0,0,1,1,8
369,0,0,1,0,1,0,0,1,0,0,1,1,15
370,0,0,1,0,1,0,0,1,0,1,0,0,17
371,0,0,1,0,1,0,0,1,0,1,0,1,1
372,0,0,1,0,1,0,0,1,0,1,0,1,8
373,0,0,1,0,1,0,0,1,0,1,0,1,17
374,0,0,1,0,1,0,0,1,0,1,0,1,22
375,0,0,1,0,1,0,0,1,0,1,1,1,3
376,0,0,1,0,1,0,0,1,0,1,1,1,15
377,0,0,1,0,1,0,0,1,0,1,1,1,17
378,0,0,1,0,1,0,0,1,1,0,0,1,17
379,0,0,1,0,1,0,0,1,1,1,0,1,3
380,0,0,1,0,1,0,0,1,1,1,0,1,22
381,0,0,1,0,1,0,1,0,0,0,0,0,20
382,0,0,1,0,1,0,1,0,0,0,0,1,17
383,0,0,1,0,1,0,1,0,0,0,0,1,24
384,0,0,1,0,1,0,1,0,0,1,0,0,3
385,0,0,1,0,1,0,1,0,0,1,0,0,5
386,0,0,1,0,1,0,1,0,0,1,0,0,8
387,0,0,1,0,1,0,1,0,0,1,0,0,10
388,0,0,1,0,1,0,1,0,0,1,0,0,17
389,0,0,1,0,1,0,1,0,0,1,0,0,19
390,0,0,1,0,1,0,1,0,0,1,0,0,24
391,0,0,1,0,1,0,1,0,0,1,0,1,3
392,0,0,1,0,1,0,1,0,0,1,0,1,7
393,0,0,1,0,1,0,1,0,0,1,0,1,8
394,0,0,1,0,1,0,1,0,0,1,0,1,17
395,0,0,1,0,1,0,1,0,0,1,0,1,24
396,0,0,1,0,1,0,1,0,0,1,1,0,19
397,0,0,1,0,1,0,1,0,0,1,1,1,19
398,0,0,1,0,1,0,1,0,1,0,0,0,19
399,0,0,1,0,1,0,1,0,1,0,0,1,2
400,0,0,1,0,1,0,1,0,1,0,0,1,19
401,0,0,1,0,1,0,1,0,1,1,0,0,10
402,0,0,1,0,1,0,1,0,1,1,0,0,19
403,0,0,1,0,1,0,1,0,1,1,0,1,5
404,0,0,1,0,1,0,1,0,1,1,0,1,10
405,0,0,1,0,1,0,1,0,1,1,0,1,19
406,0,0,1,0,1,0,1,0,1,1,0,1,24
407,0,0,1,0,1,0,1,1,0,0,0,0,3
408,0,0,1,0,1,0,1,1,0,0,0,1,3
409,0,0,1,0,1,0,1,1,0,0,0,1,8
410,0,0,1,0,1,0,1,1,0,0,0,1,17
411,0,0,1,0,1,0,1,1,0,0,0,1,19
412,0,0,1,0,1,0,1,1,0,0,0,1,22
413,0,0,1,0,1,0,1,1,0,0,0,1,24
414,0,0,1,0,1,0,1,1,0,1,0,0,3
415,0,0,1,0,1,0,1,1,0,1,0,0,17
416,0,0,1,0,1,0,1,1,0,1,0,0,20
417,0,0,1,0,1,0,1,1,0,1,0,1,3
418,0,0,1,0,1,0,1,1,0,1,0,1,8
419,0,0,1,0,1,0,1,1,0,1,0,1,10
420,0,0,1,0,1,0,1,1,0,1,0,1,17
421,0,0,1,0,1,0,1,1,0,1,0,1,22
422,0,0,1,0,1,0,1,1,0,1,0,1,24
423,0,0,1,0,1,0,1,1,1,0,0,1,24
424,0,0,1,0,1,0,1,1,1,1,0,1,17
425,0,0,1,0,1,0,1,1,1,1,0,1,24
426,0,0,1,0,1,1,0,0,0,0,0,0,15
427,0,0,1,0,1,1,0,0,0,0,1,0,15
428,0,0,1,0,1,1,0,0,0,0,1,0,16
429,0,0,1,0,1,1,0,0,0,0,1,1,16
430,0,0,1,0,1,1,0,0,0,1,0,0,1
431,0,0,1,0,1,1,0,0,0,1,0,0,6
432,0,0,1,0,1,1,0,0,0,1,0,0,15
433,0,0,1,0,1,1,0,0,0,1,0,0,22
434,0,0,1,0,1,1,0,0,0,1,0,1,19
435,0,0,1,0,1,1,0,0,0,1,1,0,15
436,0,0,1,0,1,1,0,0,0,1,1,0,22
437,0,0,1,0,1,1,0,0,1,0,1,1,2
438,0,0,1,0,1,1,0,0,1,1,0,1,15
439,0,0,1,0,1,1,0,0,1,1,0,1,22
440,0,0,1,0,1,1,0,1,0,0,0,0,1
441,0,0,1,0,1,1,0,1,0,0,0,0,15
442,0,0,1,0,1,1,0,1,0,0,0,1,1
443,0,0,1,0,1,1,0,1,0,0,1,0,15
444,0,0,1,0,1,1,0,1,0,1,0,0,1
445,0,0,1,0,1,1,0,1,0,1,0,0,15
446,0,0,1,0,1,1,0,1,0,1,0,0,22
447,0,0,1,0,1,1,0,1,0,1,0,1,1
448,0,0,1,0,1,1,0,1,0,1,0,1,15
449,0,0,1,0,1,1,0,1,0,1,0,1,22
450,0,0,1,0,1,1,0,1,0,1,1,0,6
451,0,0,1,0,1,1,0,1,0,1,1,0,15
452,0,0,1,0,1,1,0,1,1,1,0,1,15
453,0,0,1,0,1,1,0,1,1,1,0,1,22
454,0,0,1,0,1,1,1,0,0,0,0,1,16
455,0,0,1,0,1,1,1,0,0,0,1,0,16
456,0,0,1,0,1,1,1,1,0,1,0,1,8
457,0,0,1,0,1,1,1,1,0,1,0,1,15
458,0,0,1,0,1,1,1,1,0,1,0,1,22
459,0,0,1,0,1,1,1,1,0,1,1,0,20
460,0,0,1,0,1,1,1,1,1,1,0,1,24
461,0,0,1,1,0,0,0,1,0,0,0,1,15
462,0,0,1,1,0,0,0,1,0,0,1,0,20
463,0,0,1,1,0,0,0,1,0,1,1,0,20
464,0,0,1,1,0,0,1,0,0,1,0,1,19
465,0,0,1,1,0,0,1,0,1,1,0,1,19
466,0,0,1,1,0,0,1,1,0,1,0,1,17
467,0,0,1,1,0,0,1,1,0,1,1,0,20
468,0,0,1,1,0,1,0,0,0,0,1,0,16
469,0,0,1,1,0,1,0,0,0,1,1,0,11
470,0,0,1,1,0,1,0,1,0,0,0,1,13
471,0,0,1,1,0,1,0,1,0,0,0,1,20
472,0,0,1,1,0,1,0,1,0,0,1,0,4
473,0,0,1,1,0,1,0,1,0,0,1,0,11
474,0,0,1,1,0,1,0,1,0,0,1,0,18
475,0,0,1,1,0,1,0,1,0,1,0,0,11
476,0,0,1,1,0,1,0,1,0,1,0,1,15
477,0,0,1,1,0,1,0,1,0,1,1,0,13
478,0,0,1,1,0,1,0,1,0,1,1,0,15
479,0,0,1,1,0,1,0,1,1,0,1,0,13
480,0,0,1,1,0,1,0,1,1,0,1,0,18
481,0,0,1,1,0,1,1,0,1,0,1,0,16
482,0,0,1,1,0,1,1,1,0,0,0,0,13
483,0,0,1,1,0,1,1,1,0,1,1,0,20
484,0,0,1,1,1,0,0,0,1,0,0,1,16
485,0,0,1,1,1,0,0,0,1,0,1,0,16
486,0,0,1,1,1,0,1,0,0,0,0,1,16
487,0,0,1,1,1,0,1,0,0,0,1,0,16
488,0,0,1,1,1,0,1,0,1,0,0,1,2
489,0,0,1,1,1,0,1,0,1,0,1,0,16
490,0,0,1,1,1,0,1,1,0,0,0,1,8
491,0,0,1,1,1,0,1,1,0,0,0,1,17
492,0,0,1,1,1,0,1,1,0,1,0,1,3
493,0,0,1,1,1,0,1,1,0,1,0,1,17
494,0,0,1,1,1,0,1,1,0,1,1,0,14
495,0,0,1,1,1,0,1,1,1,0,0,1,17
496,0,0,1,1,1,0,1,1,1,1,0,1,17
497,0,0,1,1,1,1,0,0,0,0,1,0,16
498,0,0,1,1,1,1,0,0,1,0,0,0,2
499,0,0,1,1,1,1,0,0,1,0,1,1,16
500,0,0,1,1,1,1,1,0,0,0,0,1,2
501,0,0,1,1,1,1,1,0,0,0,0,1,16
502,0,0,1,1,1,1,1,0,1,0,0,1,2
503,0,0,1,1,1,1,1,0,1,0,1,0,16
504,0,0,1,1,1,1,1,0,1,0,1,1,16
505,0,1,0,0,0,0,0,0,0,0,0,0,2
506,0,1,0,0,0,0,0,0,0,0,0,0,5
507,0,1,0,0,0,0,0,0,0,0,0,0,7
508,0,1,0,0,0,0,0,0,0,0,0,0,24
509,0,1,0,0,0,0,0,0,0,0,0,1,5
510,0,1,0,0,0,0,0,0,0,0,0,1,7
511,0,1,0,0,0,0,0,0,0,0,0,1,24
512,0,1,0,0,0,0,0,0,0,0,1,0,9
513,0,1,0,0,0,0,0,0,0,1,0,0,1
514,0,1,0,0,0,0,0,0,0,1,0,0,15
515,0,1,0,0,0,0,0,0,1,0,0,0,2
516,0,1,0,0,0,0,0,0,1,0,0,0,5
517,0,1,0,0,0,0,0,0,1,0,0,0,16
518,0,1,0,0,0,0,0,0,1,0,0,0,18
519,0,1,0,0,0,0,0,0,1,0,0,1,5
520,0,1,0,0,0,0,0,1,0,1,0,1,3
521,0,1,0,0,0,0,1,0,0,0,0,0,16
522,0,1,0,0,0,0,1,0,0,0,0,0,19
523,0,1,0,0,0,0,1,0,0,0,0,1,5
524,0,1,0,0,0,0,1,0,0,0,1,0,5
525,0,1,0,0,0,0,1,0,0,0,1,0,7
526,0,1,0,0,0,0,1,0,0,0,1,0,16
527,0,1,0,0,0,0,1,0,0,0,1,0,21
528,0,1,0,0,0,0,1,0,0,0,1,0,24
529,0,1,0,0,0,0,1,0,0,0,1,1,7
530,0,1,0,0,0,0,1,0,0,0,1,1,24
531,0,1,0,0,0,0,1,0,0,1,0,0,3
532,0,1,0,0,0,0,1,0,0,1,0,0,5
533,0,1,0,0,0,0,1,0,0,1,0,0,19
534,0,1,0,0,0,0,1,0,0,1,0,1,5
535,0,1,0,0,0,0,1,0,0,1,0,1,10
536,0,1,0,0,0,0,1,0,0,1,0,1,19
537,0,1,0,0,0,0,1,0,0,1,1,0,24
538,0,1,0,0,0,0,1,0,0,1,1,1,7
539,0,1,0,0,0,0,1,0,1,0,0,0,7
540,0,1,0,0,0,0,1,0,1,0,0,0,19
541,0,1,0,0,0,0,1,0,1,0,1,0,2
542,0,1,0,0,0,0,1,0,1,0,1,0,7
543,0,1,0,0,0,0,1,0,1,0,1,1,12
544,0,1,0,0,0,0,1,0,1,0,1,1,24
545,0,1,0,0,0,0,1,0,1,1,0,0,5
546,0,1,0,0,0,0,1,0,1,1,0,0,19
547,0,1,0,0,0,0,1,0,1,1,0,1,5
548,0,1,0,0,0,0,1,0,1,1,0,1,19
549,0,1,0,0,0,0,1,1,0,0,1,0,24
550,0,1,0,0,0,1,0,0,0,0,1,0,7
551,0,1,0,0,0,1,0,0,0,0,1,0,9
552,0,1,0,0,0,1,0,0,1,0,0,0,2
553,0,1,0,0,0,1,0,0,1,0,0,0,6
554,0,1,0,0,0,1,0,0,1,0,0,0,7
555,0,1,0,0,0,1,0,0,1,0,0,0,9
556,0,1,0,0,0,1,0,0,1,0,0,0,16
557,0,1,0,0,0,1,0,0,1,0,0,0,18
558,0,1,0,0,0,1,0,0,1,0,0,0,19
559,0,1,0,0,0,1,0,0,1,0,0,1,18
560,0,1,0,0,0,1,0,0,1,0,0,1,19
561,0,1,0,0,0,1,0,0,1,0,1,0,2
562,0,1,0,0,0,1,0,0,1,0,1,0,7
563,0,1,0,0,0,1,0,0,1,0,1,0,9
564,0,1,0,0,0,1,0,0,1,0,1,0,18
565,0,1,0,0,0,1,0,0,1,0,1,1,16
566,0,1,0,0,0,1,0,0,1,1,0,1,19
567,0,1,0,0,0,1,0,0,1,1,1,0,18
568,0,1,0,0,0,1,0,1,1,0,0,0,6
569,0,1,0,0,0,1,1,0,0,0,0,0,23
570,0,1,0,0,0,1,1,0,0,0,1,0,7
571,0,1,0,0,0,1,1,0,0,1,0,0,15
572,0,1,0,0,0,1,1,0,0,1,0,0,23
573,0,1,0,0,0,1,1,0,0,1,1,0,23
574,0,1,0,0,0,1,1,0,1,0,0,0,2
575,0,1,0,0,0,1,1,0,1,0,0,0,7
576,0,1,0,0,0,1,1,0,1,0,0,1,7
577,0,1,0,0,0,1,1,0,1,0,0,1,19
578,0,1,0,0,0,1,1,0,1,0,1,0,2
579,0,1,0,0,0,1,1,0,1,0,1,0,7
580,0,1,0,0,0,1,1,0,1,0,1,0,16
581,0,1,0,0,0,1,1,0,1,0,1,0,23
582,0,1,0,0,0,1,1,0,1,0,1,1,7
583,0,1,0,0,0,1,1,0,1,1,0,0,19
584,0,1,0,0,0,1,1,0,1,1,0,1,19
585,0,1,0,0,0,1,1,0,1,1,1,0,23
586,0,1,0,0,1,0,0,0,0,0,0,0,5
587,0,1,0,0,1,0,0,0,0,0,0,1,17
588,0,1,0,0,1,0,0,0,0,1,0,0,3
589,0,1,0,0,1,0,0,0,0,1,0,0,5
590,0,1,0,0,1,0,0,0,0,1,0,0,10
591,0,1,0,0,1,0,0,0,0,1,0,0,15
592,0,1,0,0,1,0,0,0,0,1,0,0,17
593,0,1,0,0,1,0,0,0,0,1,0,0,19
594,0,1,0,0,1,0,0,0,0,1,0,0,22
595,0,1,0,0,1,0,0,0,0,1,0,0,24
596,0,1,0,0,1,0,0,0,0,1,0,1,5
597,0,1,0,0,1,0,0,0,0,1,0,1,10
598,0,1,0,0,1,0,0,0,0,1,0,1,15
599,0,1,0,0,1,0,0,0,0,1,0,1,24
600,0,1,0,0,1,0,0,0,0,1,1,0,5
601,0,1,0,0,1,0,0,0,0,1,1,0,15
602,0,1,0,0,1,0,0,0,0,1,1,1,5
603,0,1,0,0,1,0,0,0,1,0,0,0,5
604,0,1,0,0,1,0,0,0,1,0,0,0,12
605,0,1,0,0,1,0,0,0,1,0,0,0,14
606,0,1,0,0,1,0,0,0,1,0,0,0,19
607,0,1,0,0,1,0,0,0,1,0,0,0,21
608,0,1,0,0,1,0,0,0,1,0,0,1,5
609,0,1,0,0,1,0,0,0,1,0,0,1,10
610,0,1,0,0,1,0,0,0,1,0,0,1,12
611,0,1,0,0,1,0,0,0,1,0,0,1,14
612,0,1,0,0,1,0,0,0,1,0,0,1,21
613,0,1,0,0,1,0,0,0,1,0,1,1,21
614,0,1,0,0,1,0,0,0,1,1,0,0,5
615,0,1,0,0,1,0,0,0,1,1,0,0,14
616,0,1,0,0,1,0,0,0,1,1,0,1,5
617,0,1,0,0,1,0,0,0,1,1,0,1,10
618,0,1,0,0,1,0,0,0,1,1,0,1,14
619,0,1,0,0,1,0,0,0,1,1,0,1,19
620,0,1,0,0,1,0,0,0,1,1,1,1,5
621,0,1,0,0,1,0,0,0,1,1,1,1,14
622,0,1,0,0,1,0,0,1,0,0,0,0,3
623,0,1,0,0,1,0,0,1,0,0,0,1,17
624,0,1,0,0,1,0,0,1,0,0,1,0,6
625,0,1,0,0,1,0,0,1,0,0,1,0,15
626,0,1,0,0,1,0,0,1,0,0,1,0,18
627,0,1,0,0,1,0,0,1,0,1,0,0,15
628,0,1,0,0,1,0,0,1,0,1,0,0,19
629,0,1,0,0,1,0,0,1,0,1,0,0,20
630,0,1,0,0,1,0,0,1,0,1,0,1,15
631,0,1,0,0,1,0,0,1,0,1,0,1,17
632,0,1,0,0,1,0,0,1,0,1,1,0,15
633,0,1,0,0,1,0,0,1,1,0,0,1,21
634,0,1,0,0,1,0,0,1,1,0,1,1,5
635,0,1,0,0,1,0,1,0,0,0,0,0,5
636,0,1,0,0,1,0,1,0,0,0,0,0,19
637,0,1,0,0,1,0,1,0,0,0,0,1,5
638,0,1,0,0,1,0,1,0,0,0,0,1,17
639,0,1,0,0,1,0,1,0,0,0,0,1,19
640,0,1,0,0,1,0,1,0,0,0,1,0,12
641,0,1,0,0,1,0,1,0,0,0,1,0,24
642,0,1,0,0,1,0,1,0,0,0,1,1,7
643,0,1,0,0,1,0,1,0,0,0,1,1,24
644,0,1,0,0,1,0,1,0,0,1,0,0,3
645,0,1,0,0,1,0,1,0,0,1,0,0,5
646,0,1,0,0,1,0,1,0,0,1,0,0,10
647,0,1,0,0,1,0,1,0,0,1,0,0,19
648,0,1,0,0,1,0,1,0,0,1,0,0,24
649,0,1,0,0,1,0,1,0,0,1,0,1,5
650,0,1,0,0,1,0,1,0,0,1,0,1,10
651,0,1,0,0,1,0,1,0,0,1,0,1,19
652,0,1,0,0,1,0,1,0,0,1,1,0,24
653,0,1,0,0,1,0,1,0,0,1,1,1,24
654,0,1,0,0,1,0,1,0,1,0,0,0,5
655,0,1,0,0,1,0,1,0,1,0,0,0,14
656,0,1,0,0,1,0,1,0,1,0,0,1,5
657,0,1,0,0,1,0,1,0,1,0,0,1,9
658,0,1,0,0,1,0,1,0,1,0,0,1,12
659,0,1,0,0,1,0,1,0,1,0,0,1,14
660,0,1,0,0,1,0,1,0,1,0,0,1,17
661,0,1,0,0,1,0,1,0,1,0,0,1,19
662,0,1,0,0,1,0,1,0,1,0,0,1,21
663,0,1,0,0,1,0,1,0,1,0,0,1,24
664,0,1,0,0,1,0,1,0,1,0,1,1,5
665,0,1,0,0,1,0,1,0,1,0,1,1,24
666,0,1,0,0,1,0,1,0,1,1,0,0,5
667,0,1,0,0,1,0,1,0,1,1,0,0,10
668,0,1,0,0,1,0,1,0,1,1,0,0,14
669,0,1,0,0,1,0,1,0,1,1,0,0,19
670,0,1,0,0,1,0,1,0,1,1,0,1,5
671,0,1,0,0,1,0,1,0,1,1,0,1,10
672,0,1,0,0,1,0,1,0,1,1,0,1,14
673,0,1,0,0,1,0,1,0,1,1,0,1,19
674,0,1,0,0,1,0,1,0,1,1,1,0,19
675,0,1,0,0,1,0,1,0,1,1,1,1,7
676,0,1,0,0,1,0,1,0,1,1,1,1,10
677,0,1,0,0,1,0,1,1,0,0,1,0,24
678,0,1,0,0,1,0,1,1,0,1,0,0,3
679,0,1,0,0,1,0,1,1,0,1,0,1,3
680,0,1,0,0,1,0,1,1,0,1,0,1,17
681,0,1,0,0,1,1,0,0,0,1,0,0,15
682,0,1,0,0,1,1,0,0,1,0,0,1,2
683,0,1,0,0,1,1,0,0,1,0,1,1,19
684,0,1,0,0,1,1,0,0,1,1,0,1,2
685,0,1,0,0,1,1,0,0,1,1,0,1,19
686,0,1,0,0,1,1,0,1,0,1,0,0,15
687,0,1,0,0,1,1,0,1,1,0,0,0,13
688,0,1,0,0,1,1,1,0,0,1,0,0,19
689,0,1,0,0,1,1,1,0,1,1,0,0,14
690,0,1,0,0,1,1,1,0,1,1,0,0,19
691,0,1,0,0,1,1,1,0,1,1,0,1,10
692,0,1,0,0,1,1,1,0,1,1,0,1,14
693,0,1,0,0,1,1,1,0,1,1,0,1,19
694,0,1,0,0,1,1,1,1,0,1,1,1,2
695,0,1,0,0,1,1,1,1,1,1,0,1,14
696,0,1,0,0,1,1,1,1,1,1,0,1,19
697,0,1,0,1,0,0,0,0,0,0,0,0,7
698,0,1,0,1,0,0,0,0,0,0,0,0,16
699,0,1,0,1,0,0,0,0,0,0,1,0,7
700,0,1,0,1,0,0,0,0,0,0,1,0,23
701,0,1,0,1,0,0,0,0,0,1,1,0,7
702,0,1,0,1,0,0,0,0,1,0,0,0,16
703,0,1,0,1,0,0,0,0,1,0,0,0,21
704,0,1,0,1,0,0,0,0,1,0,0,1,5
705,0,1,0,1,0,0,0,0,1,0,0,1,16
706,0,1,0,1,0,0,0,0,1,0,0,1,21
707,0,1,0,1,0,0,0,0,1,0,1,0,7
708,0,1,0,1,0,0,0,0,1,0,1,0,16
709,0,1,0,1,0,0,0,0,1,0,1,1,21
710,0,1,0,1,0,0,0,1,0,0,0,0,16
711,0,1,0,1,0,0,0,1,0,0,1,0,9
712,0,1,0,1,0,0,0,1,0,0,1,0,20
713,0,1,0,1,0,0,0,1,0,0,1,0,21
714,0,1,0,1,0,0,0,1,0,0,1,1,21
715,0,1,0,1,0,0,0,1,1,0,0,0,16
716,0,1,0,1,0,0,0,1,1,0,1,0,21
717,0,1,0,1,0,0,0,1,1,0,1,1,21
718,0,1,0,1,0,0,1,0,0,0,0,0,16
719,0,1,0,1,0,0,1,0,0,0,0,1,5
720,0,1,0,1,0,0,1,0,0,0,0,1,7
721,0,1,0,1,0,0,1,0,0,0,0,1,9
722,0,1,0,1,0,0,1,0,0,0,0,1,12
723,0,1,0,1,0,0,1,0,0,0,0,1,16
724,0,1,0,1,0,0,1,0,0,0,1,0,2
725,0,1,0,1,0,0,1,0,0,0,1,0,7
726,0,1,0,1,0,0,1,0,0,0,1,0,16
727,0,1,0,1,0,0,1,0,0,0,1,1,7
728,0,1,0,1,0,0,1,0,0,0,1,1,10
729,0,1,0,1,0,0,1,0,0,0,1,1,16
730,0,1,0,1,0,0,1,0,0,1,0,1,7
731,0,1,0,1,0,0,1,0,0,1,0,1,24
732,0,1,0,1,0,0,1,0,1,0,0,0,7
733,0,1,0,1,0,0,1,0,1,0,0,0,16
734,0,1,0,1,0,0,1,0,1,0,0,1,5
735,0,1,0,1,0,0,1,0,1,0,0,1,7
736,0,1,0,1,0,0,1,0,1,0,0,1,12
737,0,1,0,1,0,0,1,0,1,0,0,1,16
738,0,1,0,1,0,0,1,0,1,0,0,1,19
739,0,1,0,1,0,0,1,0,1,0,0,1,21
740,0,1,0,1,0,0,1,0,1,0,1,0,7
741,0,1,0,1,0,0,1,0,1,0,1,0,16
742,0,1,0,1,0,0,1,0,1,0,1,0,21
743,0,1,0,1,0,0,1,0,1,0,1,1,7
744,0,1,0,1,0,0,1,0,1,0,1,1,12
745,0,1,0,1,0,0,1,0,1,0,1,1,16
746,0,1,0,1,0,0,1,0,1,0,1,1,21
747,0,1,0,1,0,0,1,0,1,0,1,1,24
748,0,1,0,1,0,0,1,0,1,1,0,1,5
749,0,1,0,1,0,0,1,0,1,1,0,1,19
750,0,1,0,1,0,0,1,0,1,1,1,1,24
751,0,1,0,1,0,0,1,1,0,0,0,0,16
752,0,1,0,1,0,0,1,1,0,0,1,0,16
753,0,1,0,1,0,0,1,1,1,0,0,0,16
754,0,1,0,1,0,0,1,1,1,0,1,0,16
755,0,1,0,1,0,0,1,1,1,0,1,1,21
756,0,1,0,1,0,0,1,1,1,1,1,0,16
757,0,1,0,1,0,0,1,1,1,1,1,1,5
758,0,1,0,1,0,1,0,0,0,0,0,0,16
759,0,1,0,1,0,1,0,0,0,0,1,0,7
760,0,1,0,1,0,1,0,0,0,0,1,0,16
761,0,1,0,1,0,1,0,0,0,0,1,0,23
762,0,1,0,1,0,1,0,0,1,0,0,0,2
763,0,1,0,1,0,1,0,0,1,0,0,0,6
764,0,1,0,1,0,1,0,0,1,0,0,0,7
765,0,1,0,1,0,1,0,0,1,0,0,0,9
766,0,1,0,1,0,1,0,0,1,0,0,0,16
767,0,1,0,1,0,1,0,0,1,0,0,0,18
768,0,1,0,1,0,1,0,0,1,0,0,1,16
769,0,1,0,1,0,1,0,0,1,0,0,1,19
770,0,1,0,1,0,1,0,0,1,0,0,1,21
771,0,1,0,1,0,1,0,0,1,0,1,0,2
772,0,1,0,1,0,1,0,0,1,0,1,0,7
773,0,1,0,1,0,1,0,0,1,0,1,0,9
774,0,1,0,1,0,1,0,0,1,0,1,0,16
775,0,1,0,1,0,1,0,0,1,0,1,0,23
776,0,1,0,1,0,1,0,0,1,0,1,1,16
777,0,1,0,1,0,1,0,0,1,1,0,0,2
778,0,1,0,1,0,1,0,0,1,1,1,0,2
779,0,1,0,1,0,1,0,1,1,0,1,0,9
780,0,1,0,1,0,1,0,1,1,0,1,0,13
781,0,1,0,1,0,1,0,1,1,0,1,0,18
782,0,1,0,1,0,1,0,1,1,0,1,1,4
783,0,1,0,1,0,1,1,0,0,0,0,0,16
784,0,1,0,1,0,1,1,0,0,0,0,0,18
785,0,1,0,1,0,1,1,0,0,0,0,0,23
786,0,1,0,1,0,1,1,0,0,0,1,0,6
787,0,1,0,1,0,1,1,0,0,0,1,0,7
788,0,1,0,1,0,1,1,0,0,0,1,0,16
789,0,1,0,1,0,1,1,0,0,0,1,1,16
790,0,1,0,1,0,1,1,0,0,1,1,0,23
791,0,1,0,1,0,1,1,0,1,0,0,0,2
792,0,1,0,1,0,1,1,0,1,0,0,0,16
793,0,1,0,1,0,1,1,0,1,0,0,1,7
794,0,1,0,1,0,1,1,0,1,0,0,1,16
795,0,1,0,1,0,1,1,0,1,0,1,0,2
796,0,1,0,1,0,1,1,0,1,0,1,0,7
797,0,1,0,1,0,1,1,0,1,0,1,0,16
798,0,1,0,1,0,1,1,0,1,0,1,0,23
799,0,1,0,1,0,1,1,0,1,0,1,1,7
800,0,1,0,1,0,1,1,0,1,0,1,1,16
801,0,1,0,1,0,1,1,0,1,1,1,0,16
802,0,1,0,1,0,1,1,0,1,1,1,0,23
803,0,1,0,1,0,1,1,1,1,0,0,0,16
804,0,1,0,1,0,1,1,1,1,0,1,0,16
805,0,1,0,1,1,0,0,0,0,0,0,1,5
806,0,1,0,1,1,0,0,0,0,1,0,0,5
807,0,1,0,1,1,0,0,0,0,1,0,0,21
808,0,1,0,1,1,0,0,0,0,1,0,1,5
809,0,1,0,1,1,0,0,0,1,0,0,0,5
810,0,1,0,1,1,0,0,0,1,0,0,0,10
811,0,1,0,1,1,0,0,0,1,0,0,0,14
812,0,1,0,1,1,0,0,0,1,0,0,0,21
813,0,1,0,1,1,0,0,0,1,0,0,1,5
814,0,1,0,1,1,0,0,0,1,0,0,1,12
815,0,1,0,1,1,0,0,0,1,0,0,1,14
816,0,1,0,1,1,0,0,0,1,0,0,1,21
817,0,1,0,1,1,0,0,0,1,0,1,1,12
818,0,1,0,1,1,0,0,0,1,1,0,0,5
819,0,1,0,1,1,0,0,0,1,1,0,0,14
820,0,1,0,1,1,0,0,0,1,1,0,1,5
821,0,1,0,1,1,0,0,0,1,1,0,1,12
822,0,1,0,1,1,0,0,0,1,1,0,1,14
823,0,1,0,1,1,0,0,1,0,0,1,0,21
824,0,1,0,1,1,0,0,1,1,0,0,1,21
825,0,1,0,1,1,0,0,1,1,0,1,0,21
826,0,1,0,1,1,0,0,1,1,0,1,1,21
827,0,1,0,1,1,0,0,1,1,1,0,0,14
828,0,1,0,1,1,0,1,0,0,0,0,1,5
829,0,1,0,1,1,0,1,0,0,0,0,1,7
830,0,1,0,1,1,0,1,0,0,0,0,1,12
831,0,1,0,1,1,0,1,0,0,0,0,1,14
832,0,1,0,1,1,0,1,0,0,0,1,0,5
833,0,1,0,1,1,0,1,0,0,0,1,0,10
834,0,1,0,1,1,0,1,0,0,0,1,0,19
835,0,1,0,1,1,0,1,0,0,0,1,0,21
836,0,1,0,1,1,0,1,0,0,0,1,1,7
837,0,1,0,1,1,0,1,0,0,0,1,1,12
838,0,1,0,1,1,0,1,0,0,1,0,0,2
839,0,1,0,1,1,0,1,0,0,1,0,0,5
840,0,1,0,1,1,0,1,0,0,1,0,0,19
841,0,1,0,1,1,0,1,0,0,1,0,1,5
842,0,1,0,1,1,0,1,0,0,1,0,1,7
843,0,1,0,1,1,0,1,0,0,1,0,1,14
844,0,1,0,1,1,0,1,0,0,1,0,1,24
845,0,1,0,1,1,0,1,0,0,1,1,1,19
846,0,1,0,1,1,0,1,0,1,0,0,0,14
847,0,1,0,1,1,0,1,0,1,0,0,1,5
848,0,1,0,1,1,0,1,0,1,0,0,1,9
849,0,1,0,1,1,0,1,0,1,0,0,1,10
850,0,1,0,1,1,0,1,0,1,0,0,1,12
851,0,1,0,1,1,0,1,0,1,0,0,1,14
852,0,1,0,1,1,0,1,0,1,0,0,1,19
853,0,1,0,1,1,0,1,0,1,0,0,1,21
854,0,1,0,1,1,0,1,0,1,0,1,0,5
855,0,1,0,1,1,0,1,0,1,0,1,0,7
856,0,1,0,1,1,0,1,0,1,0,1,0,21
857,0,1,0,1,1,0,1,0,1,0,1,1,5
858,0,1,0,1,1,0,1,0,1,0,1,1,7
859,0,1,0,1,1,0,1,0,1,0,1,1,12
860,0,1,0,1,1,0,1,0,1,0,1,1,21
861,0,1,0,1,1,0,1,0,1,0,1,1,24
862,0,1,0,1,1,0,1,0,1,1,0,0,2
863,0,1,0,1,1,0,1,0,1,1,0,0,5
864,0,1,0,1,1,0,1,0,1,1,0,0,14
865,0,1,0,1,1,0,1,0,1,1,0,0,19
866,0,1,0,1,1,0,1,0,1,1,0,1,5
867,0,1,0,1,1,0,1,0,1,1,0,1,10
868,0,1,0,1,1,0,1,0,1,1,0,1,12
869,0,1,0,1,1,0,1,0,1,1,0,1,14
870,0,1,0,1,1,0,1,0,1,1,0,1,19
871,0,1,0,1,1,0,1,0,1,1,1,1,5
872,0,1,0,1,1,0,1,0,1,1,1,1,7
873,0,1,0,1,1,0,1,1,0,0,0,1,14
874,0,1,0,1,1,0,1,1,1,0,0,1,14
875,0,1,0,1,1,0,1,1,1,1,0,0,14
876,0,1,0,1,1,0,1,1,1,1,0,1,14
877,0,1,0,1,1,1,0,0,1,0,0,0,14
878,0,1,0,1,1,1,0,0,1,1,0,1,10
879,0,1,0,1,1,1,1,0,1,0,1,1,2
880,0,1,0,1,1,1,1,1,1,1,0,1,14
881,0,1,1,0,0,0,0,0,0,1,0,0,17
882,0,1,1,0,0,0,0,0,0,1,0,1,10
883,0,1,1,0,0,0,0,0,0,1,0,1,17
884,0,1,1,0,0,0,0,0,1,0,1,0,2
885,0,1,1,0,0,0,0,0,1,0,1,1,2
886,0,1,1,0,0,0,0,1,0,0,0,1,8
887,0,1,1,0,0,0,0,1,0,0,1,0,6
888,0,1,1,0,0,0,0,1,0,1,0,1,3
889,0,1,1,0,0,0,0,1,0,1,0,1,24
890,0,1,1,0,0,0,1,0,0,0,0,0,16
891,0,1,1,0,0,0,1,0,0,0,0,1,3
892,0,1,1,0,0,0,1,0,0,0,0,1,19
893,0,1,1,0,0,0,1,0,0,0,0,1,24
894,0,1,1,0,0,0,1,0,0,0,1,1,24
895,0,1,1,0,0,0,1,0,0,1,0,0,3
896,0,1,1,0,0,0,1,0,0,1,0,0,10
897,0,1,1,0,0,0,1,0,0,1,0,0,19
898,0,1,1,0,0,0,1,0,0,1,0,0,24
899,0,1,1,0,0,0,1,0,0,1,0,1,3
900,0,1,1,0,0,0,1,0,0,1,0,1,10
901,0,1,1,0,0,0,1,0,0,1,0,1,19
902,0,1,1,0,0,0,1,0,1,0,0,1,19
903,0,1,1,0,0,0,1,0,1,0,0,1,24
904,0,1,1,0,0,0,1,0,1,1,0,1,10
905,0,1,1,0,0,0,1,0,1,1,0,1,19
906,0,1,1,0,0,0,1,0,1,1,0,1,24
907,0,1,1,0,0,0,1,1,0,0,0,1,24
908,0,1,1,0,0,0,1,1,0,1,0,1,3
909,0,1,1,0,0,0,1,1,0,1,0,1,8
910,0,1,1,0,0,0,1,1,0,1,0,1,24
911,0,1,1,0,0,0,1,1,0,1,1,1,24
912,0,1,1,0,0,1,0,0,0,1,0,0,15
913,0,1,1,0,0,1,0,0,1,0,0,1,19
914,0,1,1,0,0,1,0,0,1,0,0,1,24
915,0,1,1,0,0,1,0,0,1,0,1,0,2
916,0,1,1,0,0,1,0,1,1,0,0,1,2
917,0,1,1,0,0,1,1,0,0,0,0,1,24
918,0,1,1,0,0,1,1,0,0,1,0,0,3
919,0,1,1,0,0,1,1,0,0,1,0,1,19
920,0,1,1,0,0,1,1,0,1,0,0,1,19
921,0,1,1,0,0,1,1,0,1,1,0,1,19
922,0,1,1,0,0,1,1,0,1,1,0,1,24
923,0,1,1,0,1,0,0,0,0,0,0,0,8
924,0,1,1,0,1,0,0,0,0,0,0,1,1
925,0,1,1,0,1,0,0,0,0,0,0,1,17
926,0,1,1,0,1,0,0,0,0,1,0,0,3
927,0,1,1,0,1,0,0,0,0,1,0,0,10
928,0,1,1,0,1,0,0,0,0,1,0,0,15
929,0,1,1,0,1,0,0,0,0,1,0,0,19
930,0,1,1,0,1,0,0,0,0,1,0,0,22
931,0,1,1,0,1,0,0,0,0,1,0,0,24
932,0,1,1,0,1,0,0,0,0,1,0,1,3
933,0,1,1,0,1,0,0,0,0,1,0,1,7
934,0,1,1,0,1,0,0,0,0,1,0,1,10
935,0,1,1,0,1,0,0,0,0,1,0,1,15
936,0,1,1,0,1,0,0,0,0,1,0,1,19
937,0,1,1,0,1,0,0,0,0,1,0,1,24
938,0,1,1,0,1,0,0,0,0,1,1,1,17
939,0,1,1,0,1,0,0,0,1,0,0,0,2
940,0,1,1,0,1,0,0,0,1,0,0,1,19
941,0,1,1,0,1,0,0,0,1,0,0,1,24
942,0,1,1,0,1,0,0,0,1,1,0,0,2
943,0,1,1,0,1,0,0,0,1,1,0,0,19
944,0,1,1,0,1,0,0,0,1,1,0,0,24
945,0,1,1,0,1,0,0,0,1,1,0,1,3
946,0,1,1,0,1,0,0,0,1,1,0,1,10
947,0,1,1,0,1,0,0,1,0,0,0,1,3
948,0,1,1,0,1,0,0,1,0,0,0,1,8
949,0,1,1,0,1,0,0,1,0,0,1,0,15
950,0,1,1,0,1,0,0,1,0,1,0,0,3
951,0,1,1,0,1,0,0,1,0,1,0,0,6
952,0,1,1,0,1,0,0,1,0,1,0,0,15
953,0,1,1,0,1,0,0,1,0,1,0,1,3
954,0,1,1,0,1,0,0,1,0,1,0,1,8
955,0,1,1,0,1,0,0,1,0,1,0,1,15
956,0,1,1,0,1,0,0,1,0,1,1,0,15
957,0,1,1,0,1,0,0,1,0,1,1,1,17
958,0,1,1,0,1,0,0,1,1,1,0,1,5
959,0,1,1,0,1,0,1,0,0,0,0,1,16
960,0,1,1,0,1,0,1,0,0,0,0,1,19
961,0,1,1,0,1,0,1,0,0,0,0,1,24
962,0,1,1,0,1,0,1,0,0,0,1,0,2
963,0,1,1,0,1,0,1,0,0,0,1,0,24
964,0,1,1,0,1,0,1,0,0,0,1,1,10
965,0,1,1,0,1,0,1,0,0,0,1,1,16
966,0,1,1,0,1,0,1,0,0,0,1,1,24
967,0,1,1,0,1,0,1,0,0,1,0,0,3
968,0,1,1,0,1,0,1,0,0,1,0,0,5
969,0,1,1,0,1,0,1,0,0,1,0,0,10
970,0,1,1,0,1,0,1,0,0,1,0,0,19
971,0,1,1,0,1,0,1,0,0,1,0,0,24
972,0,1,1,0,1,0,1,0,0,1,0,1,3
973,0,1,1,0,1,0,1,0,0,1,0,1,5
974,0,1,1,0,1,0,1,0,0,1,0,1,7
975,0,1,1,0,1,0,1,0,0,1,0,1,10
976,0,1,1,0,1,0,1,0,0,1,0,1,19
977,0,1,1,0,1,0,1,0,0,1,0,1,24
978,0,1,1,0,1,0,1,0,0,1,1,1,19
979,0,1,1,0,1,0,1,0,1,0,0,0,2
980,0,1,1,0,1,0,1,0,1,0,0,0,16
981,0,1,1,0,1,0,1,0,1,0,0,1,7
982,0,1,1,0,1,0,1,0,1,0,0,1,10
983,0,1,1,0,1,0,1,0,1,0,0,1,19
984,0,1,1,0,1,0,1,0,1,0,1,0,2
985,0,1,1,0,1,0,1,0,1,1,0,0,10
986,0,1,1,0,1,0,1,0,1,1,0,0,14
987,0,1,1,0,1,0,1,0,1,1,0,0,19
988,0,1,1,0,1,0,1,0,1,1,0,0,24
989,0,1,1,0,1,0,1,0,1,1,0,1,3
990,0,1,1,0,1,0,1,0,1,1,0,1,5
991,0,1,1,0,1,0,1,0,1,1,0,1,7
992,0,1,1,0,1,0,1,0,1,1,0,1,10
993,0,1,1,0,1,0,1,0,1,1,0,1,14
994,0,1,1,0,1,0,1,0,1,1,0,1,17
995,0,1,1,0,1,0,1,0,1,1,0,1,19
996,0,1,1,0,1,0,1,0,1,1,1,0,19
997,0,1,1,0,1,0,1,0,1,1,1,1,10
998,0,1,1,0,1,0,1,0,1,1,1,1,19
999,0,1,1,0,1,0,1,1,0,0,0,1,17
1000,0,1,1,0,1,0,1,1,0,0,0,1,24
1001,0,1,1,0,1,0,1,1,0,0,1,1,3
1002,0,1,1,0,1,0,1,1,0,0,1,1,24
1003,0,1,1,0,1,0,1,1,0,1,0,0,3
1004,0,1,1,0,1,0,1,1,0,1,0,0,8
1005,0,1,1,0,1,0,1,1,0,1,0,0,24
1006,0,1,1,0,1,0,1,1,0,1,0,1,3
1007,0,1,1,0,1,0,1,1,0,1,0,1,8
1008,0,1,1,0,1,0,1,1,0,1,0,1,10
1009,0,1,1,0,1,0,1,1,0,1,0,1,17
1010,0,1,1,0,1,0,1,1,0,1,0,1,19
1011,0,1,1,0,1,0,1,1,0,1,0,1,24
1012,0,1,1,0,1,0,1,1,0,1,1,0,20
1013,0,1,1,0,1,0,1,1,1,1,0,0,3
1014,0,1,1,0,1,0,1,1,1,1,0,0,14
1015,0,1,1,0,1,0,1,1,1,1,1,1,24
1016,0,1,1,0,1,1,0,0,0,1,0,0,3
1017,0,1,1,0,1,1,0,0,0,1,0,0,15
1018,0,1,1,0,1,1,0,0,0,1,0,0,19
1019,0,1,1,0,1,1,0,0,0,1,0,1,15
1020,0,1,1,0,1,1,0,0,0,1,0,1,19
1021,0,1,1,0,1,1,0,0,0,1,1,0,15
1022,0,1,1,0,1,1,0,0,1,0,1,0,2
1023,0,1,1,0,1,1,0,1,0,0,1,0,15
1024,0,1,1,0,1,1,0,1,0,1,0,0,15
1025,0,1,1,0,1,1,0,1,0,1,0,1,19
1026,0,1,1,0,1,1,0,1,0,1,1,0,15
1027,0,1,1,0,1,1,0,1,1,1,1,1,15
1028,0,1,1,0,1,1,1,0,0,0,1,0,2
1029,0,1,1,0,1,1,1,0,0,1,0,1,19
1030,0,1,1,0,1,1,1,0,1,0,0,0,2
1031,0,1,1,0,1,1,1,0,1,0,0,1,19
1032,0,1,1,0,1,1,1,0,1,0,1,0,2
1033,0,1,1,0,1,1,1,0,1,1,0,1,19
1034,0,1,1,1,0,0,1,0,0,1,0,1,19
1035,0,1,1,1,0,0,1,0,1,1,0,0,14
1036,0,1,1,1,0,0,1,1,0,1,0,1,14
1037,0,1,1,1,0,0,1,1,0,1,1,0,20
1038,0,1,1,1,0,0,1,1,1,0,0,0,16
1039,0,1,1,1,0,1,1,0,1,0,0,1,24
1040,0,1,1,1,1,0,0,0,0,0,0,0,8
1041,0,1,1,1,1,0,0,0,0,0,0,0,18
1042,0,1,1,1,1,0,0,0,1,0,0,1,12
1043,0,1,1,1,1,0,0,0,1,0,1,0,16
1044,0,1,1,1,1,0,0,1,0,1,1,0,15
1045,0,1,1,1,1,0,0,1,0,1,1,0,20
1046,0,1,1,1,1,0,1,0,0,0,0,0,16
1047,0,1,1,1,1,0,1,0,0,0,0,1,12
1048,0,1,1,1,1,0,1,0,0,0,1,0,16
1049,0,1,1,1,1,0,1,0,0,1,0,1,10
1050,0,1,1,1,1,0,1,0,1,0,0,0,16
1051,0,1,1,1,1,0,1,0,1,0,0,1,2
1052,0,1,1,1,1,0,1,0,1,0,0,1,16
1053,0,1,1,1,1,0,1,0,1,0,1,0,16
1054,0,1,1,1,1,0,1,0,1,0,1,1,16
1055,0,1,1,1,1,0,1,0,1,1,0,1,10
1056,0,1,1,1,1,0,1,0,1,1,0,1,14
1057,0,1,1,1,1,0,1,0,1,1,1,0,16
1058,0,1,1,1,1,0,1,0,1,1,1,1,21
1059,0,1,1,1,1,0,1,1,0,0,0,1,17
1060,0,1,1,1,1,0,1,1,0,1,0,1,3
1061,0,1,1,1,1,0,1,1,1,1,0,1,14
1062,0,1,1,1,1,0,1,1,1,1,0,1,17
1063,0,1,1,1,1,1,0,0,0,0,0,0,18
1064,0,1,1,1,1,1,0,0,1,0,0,0,2
1065,0,1,1,1,1,1,0,0,1,0,1,1,2
1066,0,1,1,1,1,1,0,0,1,1,0,1,10
1067,0,1,1,1,1,1,1,0,0,0,0,1,2
1068,0,1,1,1,1,1,1,0,0,0,1,0,2
1069,0,1,1,1,1,1,1,0,1,0,0,0,2
1070,0,1,1,1,1,1,1,0,1,0,0,0,16
1071,0,1,1,1,1,1,1,0,1,0,0,1,2
1072,0,1,1,1,1,1,1,0,1,0,0,1,16
1073,0,1,1,1,1,1,1,0,1,0,1,1,16
1074,0,1,1,1,1,1,1,0,1,1,0,0,16
1075,0,1,1,1,1,1,1,1,1,0,0,0,2
1076,0,1,1,1,1,1,1,1,1,1,1,1,19
1077,1,0,0,0,0,0,0,0,0,0,0,0,1
1078,1,0,0,0,0,0,0,0,0,0,0,0,6
1079,1,0,0,0,0,0,0,0,0,0,0,0,9
1080,1,0,0,0,0,0,0,0,0,0,0,0,13
1081,1,0,0,0,0,0,0,0,0,0,0,0,15
1082,1,0,0,0,0,0,0,0,0,0,0,0,22
1083,1,0,0,0,0,0,0,0,0,0,1,0,9
1084,1,0,0,0,0,0,0,0,0,0,1,0,18
1085,1,0,0,0,0,0,0,0,0,1,0,0,8
1086,1,0,0,0,0,0,0,0,0,1,0,0,15
1087,1,0,0,0,0,0,0,0,0,1,0,0,22
1088,1,0,0,0,0,0,0,0,1,0,0,0,9
1089,1,0,0,0,0,0,0,0,1,0,0,0,18
1090,1,0,0,0,0,0,0,0,1,0,1,0,18
1091,1,0,0,0,0,0,0,0,1,1,0,0,14
1092,1,0,0,0,0,0,0,1,0,0,0,0,1
1093,1,0,0,0,0,0,0,1,0,0,0,0,13
1094,1,0,0,0,0,0,0,1,0,0,0,0,15
1095,1,0,0,0,0,0,0,1,0,1,0,0,8
1096,1,0,0,0,0,0,0,1,0,1,0,0,15
1097,1,0,0,0,0,0,0,1,0,1,0,0,22
1098,1,0,0,0,0,0,0,1,0,1,0,1,8
1099,1,0,0,0,0,0,0,1,0,1,0,1,17
1100,1,0,0,0,0,0,0,1,0,1,0,1,22
1101,1,0,0,0,0,0,0,1,1,0,0,0,13
1102,1,0,0,0,0,0,0,1,1,0,0,0,14
1103,1,0,0,0,0,0,0,1,1,0,1,0,13
1104,1,0,0,0,0,0,1,1,0,1,0,1,8
1105,1,0,0,0,0,0,1,1,0,1,0,1,22
1106,1,0,0,0,0,1,0,0,0,0,0,0,6
1107,1,0,0,0,0,1,0,0,0,0,0,0,18
1108,1,0,0,0,0,1,0,0,0,0,1,0,18
1109,1,0,0,0,0,1,0,0,0,1,0,0,1
1110,1,0,0,0,0,1,0,0,0,1,0,0,6
1111,1,0,0,0,0,1,0,0,0,1,0,0,15
1112,1,0,0,0,0,1,0,0,0,1,0,0,20
1113,1,0,0,0,0,1,0,0,0,1,0,1,22
1114,1,0,0,0,0,1,0,0,0,1,1,0,6
1115,1,0,0,0,0,1,0,0,0,1,1,0,20
1116,1,0,0,0,0,1,0,0,0,1,1,1,1
1117,1,0,0,0,0,1,0,0,1,0,0,0,9
1118,1,0,0,0,0,1,0,0,1,0,0,0,18
1119,1,0,0,0,0,1,0,0,1,0,0,1,13
1120,1,0,0,0,0,1,0,0,1,0,1,0,18
1121,1,0,0,0,0,1,0,1,0,0,0,0,6
1122,1,0,0,0,0,1,0,1,0,0,0,0,15
1123,1,0,0,0,0,1,0,1,0,0,1,0,6
1124,1,0,0,0,0,1,0,1,0,1,0,0,1
1125,1,0,0,0,0,1,0,1,0,1,0,0,6
1126,1,0,0,0,0,1,0,1,0,1,0,0,15
1127,1,0,0,0,0,1,0,1,0,1,0,0,22
1128,1,0,0,0,0,1,0,1,0,1,0,1,22
1129,1,0,0,0,0,1,0,1,0,1,1,0,6
1130,1,0,0,0,0,1,0,1,0,1,1,0,20
1131,1,0,0,0,0,1,0,1,0,1,1,1,1
1132,1,0,0,0,0,1,0,1,1,0,0,0,13
1133,1,0,0,0,0,1,0,1,1,0,0,0,18
1134,1,0,0,0,0,1,0,1,1,0,0,1,13
1135,1,0,0,0,0,1,0,1,1,0,1,0,18
1136,1,0,0,0,0,1,1,0,0,1,1,0,20
1137,1,0,0,0,0,1,1,1,1,0,1,0,18
1138,1,0,0,0,1,0,0,0,0,1,0,0,1
1139,1,0,0,0,1,0,0,0,0,1,0,0,6
1140,1,0,0,0,1,0,0,0,0,1,0,0,17
1141,1,0,0,0,1,0,0,0,0,1,0,0,22
1142,1,0,0,0,1,0,0,0,0,1,0,1,1
1143,1,0,0,0,1,0,0,0,0,1,0,1,6
1144,1,0,0,0,1,0,0,0,0,1,0,1,17
1145,1,0,0,0,1,0,0,0,0,1,0,1,22
1146,1,0,0,0,1,0,0,0,0,1,1,0,6
1147,1,0,0,0,1,0,0,0,1,0,0,1,6
1148,1,0,0,0,1,0,0,0,1,1,0,1,19
1149,1,0,0,0,1,0,0,0,1,1,0,1,22
1150,1,0,0,0,1,0,0,1,0,0,0,0,1
1151,1,0,0,0,1,0,0,1,0,0,0,0,8
1152,1,0,0,0,1,0,0,1,0,0,0,0,13
1153,1,0,0,0,1,0,0,1,0,0,0,0,15
1154,1,0,0,0,1,0,0,1,0,0,0,0,17
1155,1,0,0,0,1,0,0,1,0,0,0,0,22
1156,1,0,0,0,1,0,0,1,0,0,0,1,1
1157,1,0,0,0,1,0,0,1,0,0,0,1,3
1158,1,0,0,0,1,0,0,1,0,0,0,1,8
1159,1,0,0,0,1,0,0,1,0,0,0,1,17
1160,1,0,0,0,1,0,0,1,0,0,0,1,22
1161,1,0,0,0,1,0,0,1,0,0,1,0,1
1162,1,0,0,0,1,0,0,1,0,0,1,0,15
1163,1,0,0,0,1,0,0,1,0,1,0,0,1
1164,1,0,0,0,1,0,0,1,0,1,0,0,6
1165,1,0,0,0,1,0,0,1,0,1,0,0,8
1166,1,0,0,0,1,0,0,1,0,1,0,0,15
1167,1,0,0,0,1,0,0,1,0,1,0,0,22
1168,1,0,0,0,1,0,0,1,0,1,0,1,1
1169,1,0,0,0,1,0,0,1,0,1,0,1,5
1170,1,0,0,0,1,0,0,1,0,1,0,1,6
1171,1,0,0,0,1,0,0,1,0,1,0,1,8
1172,1,0,0,0,1,0,0,1,0,1,0,1,17
1173,1,0,0,0,1,0,0,1,0,1,0,1,22
1174,1,0,0,0,1,0,0,1,0,1,1,0,6
1175,1,0,0,0,1,0,0,1,0,1,1,0,15
1176,1,0,0,0,1,0,0,1,0,1,1,0,20
1177,1,0,0,0,1,0,0,1,1,1,0,1,22
1178,1,0,0,0,1,0,1,0,0,1,0,0,17
1179,1,0,0,0,1,0,1,0,0,1,0,1,17
1180,1,0,0,0,1,0,1,0,1,1,0,1,19
1181,1,0,0,0,1,0,1,1,0,0,0,0,17
1182,1,0,0,0,1,0,1,1,0,0,0,1,8
1183,1,0,0,0,1,0,1,1,0,0,0,1,17
1184,1,0,0,0,1,0,1,1,0,1,0,0,8
1185,1,0,0,0,1,0,1,1,0,1,0,0,17
1186,1,0,0,0,1,0,1,1,0,1,0,1,17
1187,1,0,0,0,1,0,1,1,1,1,0,1,22
1188,1,0,0,0,1,1,0,0,0,0,0,0,15
1189,1,0,0,0,1,1,0,0,0,1,0,0,1
1190,1,0,0,0,1,1,0,0,0,1,0,0,15
1191,1,0,0,0,1,1,0,0,0,1,0,1,22
1192,1,0,0,0,1,1,0,0,0,1,1,1,1
1193,1,0,0,0,1,1,0,0,1,0,0,0,9
1194,1,0,0,0,1,1,0,0,1,0,0,0,18
1195,1,0,0,0,1,1,0,0,1,0,1,0,18
1196,1,0,0,0,1,1,0,0,1,1,0,0,1
1197,1,0,0,0,1,1,0,1,0,0,0,0,6
1198,1,0,0,0,1,1,0,1,0,0,0,0,8
1199,1,0,0,0,1,1,0,1,0,0,0,0,15
1200,1,0,0,0,1,1,0,1,0,0,1,0,6
1201,1,0,0,0,1,1,0,1,0,1,0,0,1
1202,1,0,0,0,1,1,0,1,0,1,0,0,5
1203,1,0,0,0,1,1,0,1,0,1,0,0,6
1204,1,0,0,0,1,1,0,1,0,1,0,0,15
1205,1,0,0,0,1,1,0,1,0,1,0,0,22
1206,1,0,0,0,1,1,0,1,0,1,0,1,1
1207,1,0,0,0,1,1,0,1,0,1,0,1,17
1208,1,0,0,0,1,1,0,1,0,1,0,1,22
1209,1,0,0,0,1,1,0,1,0,1,1,0,6
1210,1,0,0,0,1,1,0,1,1,1,0,1,22
1211,1,0,0,0,1,1,1,1,0,0,0,0,8
1212,1,0,0,1,0,0,0,0,0,0,0,0,13
1213,1,0,0,1,0,0,0,0,0,0,0,0,18
1214,1,0,0,1,0,0,0,0,0,0,1,0,18
1215,1,0,0,1,0,0,0,0,1,0,0,0,5
1216,1,0,0,1,0,0,0,0,1,0,0,0,9
1217,1,0,0,1,0,0,0,0,1,0,0,0,13
1218,1,0,0,1,0,0,0,0,1,0,0,0,16
1219,1,0,0,1,0,0,0,0,1,0,1,0,9
1220,1,0,0,1,0,0,0,0,1,0,1,0,16
1221,1,0,0,1,0,0,0,0,1,0,1,0,18
1222,1,0,0,1,0,0,0,1,0,0,0,0,9
1223,1,0,0,1,0,0,0,1,0,0,0,0,13
1224,1,0,0,1,0,0,0,1,0,0,1,0,13
1225,1,0,0,1,0,0,0,1,0,0,1,0,18
1226,1,0,0,1,0,0,0,1,0,0,1,0,20
1227,1,0,0,1,0,0,0,1,1,0,0,0,9
1228,1,0,0,1,0,0,0,1,1,0,0,0,13
1229,1,0,0,1,0,0,0,1,1,0,1,0,4
1230,1,0,0,1,0,0,0,1,1,0,1,0,9
1231,1,0,0,1,0,0,0,1,1,0,1,0,18
1232,1,0,0,1,0,0,1,0,0,0,0,0,13
1233,1,0,0,1,0,0,1,0,0,1,0,0,17
1234,1,0,0,1,0,0,1,0,0,1,0,0,20
1235,1,0,0,1,0,0,1,0,1,0,1,0,23
1236,1,0,0,1,0,0,1,1,0,0,0,0,13
1237,1,0,0,1,0,0,1,1,0,0,1,0,13
1238,1,0,0,1,0,0,1,1,0,1,0,0,20
1239,1,0,0,1,0,0,1,1,0,1,1,0,6
1240,1,0,0,1,0,0,1,1,0,1,1,0,20
1241,1,0,0,1,0,1,0,0,0,0,1,0,18
1242,1,0,0,1,0,1,0,0,0,1,0,0,22
1243,1,0,0,1,0,1,0,0,1,0,0,0,9
1244,1,0,0,1,0,1,0,0,1,0,0,0,13
1245,1,0,0,1,0,1,0,0,1,0,0,0,18
1246,1,0,0,1,0,1,0,0,1,0,1,0,18
1247,1,0,0,1,0,1,0,1,0,0,0,0,9
1248,1,0,0,1,0,1,0,1,0,0,0,0,11
1249,1,0,0,1,0,1,0,1,0,0,0,0,13
1250,1,0,0,1,0,1,0,1,0,0,0,0,20
1251,1,0,0,1,0,1,0,1,0,0,1,0,9
1252,1,0,0,1,0,1,0,1,0,0,1,0,13
1253,1,0,0,1,0,1,0,1,0,0,1,0,18
1254,1,0,0,1,0,1,0,1,1,0,0,0,9
1255,1,0,0,1,0,1,0,1,1,0,0,0,13
1256,1,0,0,1,0,1,0,1,1,0,0,0,18
1257,1,0,0,1,0,1,0,1,1,0,1,0,4
1258,1,0,0,1,0,1,0,1,1,0,1,0,9
1259,1,0,0,1,0,1,0,1,1,0,1,0,13
1260,1,0,0,1,0,1,0,1,1,0,1,0,18
1261,1,0,0,1,0,1,0,1,1,0,1,1,4
1262,1,0,0,1,0,1,0,1,1,0,1,1,18
1263,1,0,0,1,0,1,1,0,1,0,0,0,2
1264,1,0,0,1,0,1,1,0,1,0,0,0,13
1265,1,0,0,1,0,1,1,0,1,0,1,0,2
1266,1,0,0,1,0,1,1,0,1,1,1,0,23
1267,1,0,0,1,0,1,1,1,0,0,0,0,13
1268,1,0,0,1,0,1,1,1,1,0,0,0,13
1269,1,0,0,1,0,1,1,1,1,0,1,0,18
1270,1,0,0,1,1,0,0,1,0,0,0,0,8
1271,1,0,0,1,1,0,0,1,0,0,0,0,13
1272,1,0,0,1,1,0,0,1,0,0,0,1,8
1273,1,0,0,1,1,0,1,0,0,0,0,1,17
1274,1,0,0,1,1,0,1,0,0,1,0,0,22
1275,1,0,0,1,1,0,1,0,0,1,0,1,17
1276,1,0,0,1,1,0,1,1,0,0,0,0,8
1277,1,0,0,1,1,0,1,1,0,1,0,1,8
1278,1,0,0,1,1,0,1,1,1,0,0,1,14
1279,1,0,0,1,1,0,1,1,1,1,0,0,14
1280,1,0,0,1,1,0,1,1,1,1,0,0,17
1281,1,0,0,1,1,1,0,1,0,1,1,0,6
1282,1,0,0,1,1,1,0,1,1,0,0,0,18
1283,1,0,0,1,1,1,0,1,1,0,1,0,4
1284,1,0,0,1,1,1,0,1,1,0,1,0,5
1285,1,0,0,1,1,1,0,1,1,0,1,0,18
1286,1,0,0,1,1,1,0,1,1,0,1,1,18
1287,1,0,0,1,1,1,0,1,1,1,1,1,18
1288,1,0,0,1,1,1,1,1,1,0,1,0,4
1289,1,0,0,1,1,1,1,1,1,0,1,1,16
1290,1,0,0,1,1,1,1,1,1,0,1,1,18
1291,1,0,1,0,0,0,0,0,0,0,0,0,13
1292,1,0,1,0,0,0,0,0,0,1,0,0,15
1293,1,0,1,0,0,0,0,0,0,1,1,0,15
1294,1,0,1,0,0,0,0,1,0,0,0,1,1
1295,1,0,1,0,0,0,0,1,0,0,0,1,8
1296,1,0,1,0,0,0,0,1,0,0,0,1,15
1297,1,0,1,0,0,0,0,1,0,0,0,1,22
1298,1,0,1,0,0,0,0,1,0,0,1,0,6
1299,1,0,1,0,0,0,0,1,0,0,1,0,15
1300,1,0,1,0,0,0,0,1,0,1,0,0,8
1301,1,0,1,0,0,0,0,1,0,1,0,0,15
1302,1,0,1,0,0,0,0,1,0,1,0,0,17
1303,1,0,1,0,0,0,0,1,0,1,0,1,1
1304,1,0,1,0,0,0,0,1,0,1,0,1,8
1305,1,0,1,0,0,0,0,1,0,1,0,1,17
1306,1,0,1,0,0,0,0,1,0,1,0,1,22
1307,1,0,1,0,0,0,0,1,0,1,1,0,15
1308,1,0,1,0,0,0,0,1,0,1,1,0,20
1309,1,0,1,0,0,0,0,1,0,1,1,1,8
1310,1,0,1,0,0,0,0,1,0,1,1,1,20
1311,1,0,1,0,0,0,0,1,1,0,0,0,1
1312,1,0,1,0,0,0,1,0,0,0,0,0,3
1313,1,0,1,0,0,0,1,0,0,0,0,1,24
1314,1,0,1,0,0,0,1,0,0,1,0,0,8
1315,1,0,1,0,0,0,1,0,0,1,0,0,20
1316,1,0,1,0,0,0,1,0,0,1,0,1,3
1317,1,0,1,0,0,0,1,0,0,1,0,1,8
1318,1,0,1,0,0,0,1,0,0,1,0,1,22
1319,1,0,1,0,0,0,1,1,0,0,0,0,8
1320,1,0,1,0,0,0,1,1,0,0,0,0,17
1321,1,0,1,0,0,0,1,1,0,0,0,1,8
1322,1,0,1,0,0,0,1,1,0,0,0,1,17
1323,1,0,1,0,0,0,1,1,0,0,1,0,20
1324,1,0,1,0,0,0,1,1,0,1,0,0,8
1325,1,0,1,0,0,0,1,1,0,1,0,0,17
1326,1,0,1,0,0,0,1,1,0,1,0,0,22
1327,1,0,1,0,0,0,1,1,0,1,0,1,8
1328,1,0,1,0,0,0,1,1,0,1,0,1,17
1329,1,0,1,0,0,0,1,1,0,1,0,1,22
1330,1,0,1,0,0,0,1,1,0,1,1,0,20
1331,1,0,1,0,0,1,0,0,0,0,0,0,1
1332,1,0,1,0,0,1,0,0,0,0,0,0,15
1333,1,0,1,0,0,1,0,0,0,0,1,0,6
1334,1,0,1,0,0,1,0,0,0,0,1,0,15
1335,1,0,1,0,0,1,0,0,0,1,0,0,1
1336,1,0,1,0,0,1,0,0,0,1,0,0,6
1337,1,0,1,0,0,1,0,0,0,1,0,0,11
1338,1,0,1,0,0,1,0,0,0,1,0,0,15
1339,1,0,1,0,0,1,0,0,0,1,0,0,22
1340,1,0,1,0,0,1,0,0,0,1,0,1,1
1341,1,0,1,0,0,1,0,0,0,1,0,1,15
1342,1,0,1,0,0,1,0,0,0,1,0,1,22
1343,1,0,1,0,0,1,0,0,0,1,1,0,6
1344,1,0,1,0,0,1,0,0,0,1,1,0,11
1345,1,0,1,0,0,1,0,0,0,1,1,0,15
1346,1,0,1,0,0,1,0,0,0,1,1,0,20
1347,1,0,1,0,0,1,0,0,0,1,1,0,22
1348,1,0,1,0,0,1,0,0,0,1,1,1,15
1349,1,0,1,0,0,1,0,0,1,0,0,0,18
1350,1,0,1,0,0,1,0,0,1,0,1,0,13
1351,1,0,1,0,0,1,0,0,1,0,1,0,18
1352,1,0,1,0,0,1,0,1,0,0,0,1,1
1353,1,0,1,0,0,1,0,1,0,0,1,0,1
1354,1,0,1,0,0,1,0,1,0,0,1,0,6
1355,1,0,1,0,0,1,0,1,0,0,1,0,15
1356,1,0,1,0,0,1,0,1,0,0,1,0,20
1357,1,0,1,0,0,1,0,1,0,1,0,0,1
1358,1,0,1,0,0,1,0,1,0,1,0,0,6
1359,1,0,1,0,0,1,0,1,0,1,0,0,15
1360,1,0,1,0,0,1,0,1,0,1,0,0,22
1361,1,0,1,0,0,1,0,1,0,1,0,1,1
1362,1,0,1,0,0,1,0,1,0,1,0,1,17
1363,1,0,1,0,0,1,0,1,0,1,0,1,22
1364,1,0,1,0,0,1,0,1,0,1,1,0,6
1365,1,0,1,0,0,1,0,1,0,1,1,0,15
1366,1,0,1,0,0,1,0,1,0,1,1,0,20
1367,1,0,1,0,0,1,0,1,0,1,1,1,1
1368,1,0,1,0,0,1,0,1,0,1,1,1,6
1369,1,0,1,0,0,1,0,1,1,0,0,0,13
1370,1,0,1,0,0,1,0,1,1,0,1,0,6
1371,1,0,1,0,0,1,0,1,1,0,1,0,13
1372,1,0,1,0,0,1,0,1,1,0,1,0,18
1373,1,0,1,0,0,1,0,1,1,1,1,0,6
1374,1,0,1,0,0,1,0,1,1,1,1,0,20
1375,1,0,1,0,0,1,1,0,0,1,0,0,20
1376,1,0,1,0,0,1,1,0,0,1,1,0,20
1377,1,0,1,0,0,1,1,1,0,1,1,0,20
1378,1,0,1,0,0,1,1,1,0,1,1,1,20
1379,1,0,1,0,1,0,0,0,0,0,0,0,1
1380,1,0,1,0,1,0,0,0,0,0,0,0,22
1381,1,0,1,0,1,0,0,0,0,0,0,1,8
1382,1,0,1,0,1,0,0,0,0,0,1,0,15
1383,1,0,1,0,1,0,0,0,0,1,0,0,1
1384,1,0,1,0,1,0,0,0,0,1,0,0,6
1385,1,0,1,0,1,0,0,0,0,1,0,0,8
1386,1,0,1,0,1,0,0,0,0,1,0,0,15
1387,1,0,1,0,1,0,0,0,0,1,0,0,17
1388,1,0,1,0,1,0,0,0,0,1,0,0,22
1389,1,0,1,0,1,0,0,0,0,1,0,1,1
1390,1,0,1,0,1,0,0,0,0,1,0,1,8
1391,1,0,1,0,1,0,0,0,0,1,0,1,22
1392,1,0,1,0,1,0,0,0,0,1,1,0,15
1393,1,0,1,0,1,0,0,0,1,1,0,0,6
1394,1,0,1,0,1,0,0,0,1,1,0,1,22
1395,1,0,1,0,1,0,0,1,0,0,0,0,1
1396,1,0,1,0,1,0,0,1,0,0,0,0,3
1397,1,0,1,0,1,0,0,1,0,0,0,0,8
1398,1,0,1,0,1,0,0,1,0,0,0,0,15
1399,1,0,1,0,1,0,0,1,0,0,0,0,17
1400,1,0,1,0,1,0,0,1,0,0,0,0,20
1401,1,0,1,0,1,0,0,1,0,0,0,0,22
1402,1,0,1,0,1,0,0,1,0,0,0,1,1
1403,1,0,1,0,1,0,0,1,0,0,0,1,8
1404,1,0,1,0,1,0,0,1,0,0,0,1,17
1405,1,0,1,0,1,0,0,1,0,0,0,1,22
1406,1,0,1,0,1,0,0,1,0,0,1,0,6
1407,1,0,1,0,1,0,0,1,0,0,1,0,8
1408,1,0,1,0,1,0,0,1,0,0,1,0,15
1409,1,0,1,0,1,0,0,1,0,0,1,0,20
1410,1,0,1,0,1,0,0,1,0,0,1,1,3
1411,1,0,1,0,1,0,0,1,0,0,1,1,8
1412,1,0,1,0,1,0,0,1,0,0,1,1,15
1413,1,0,1,0,1,0,0,1,0,0,1,1,17
1414,1,0,1,0,1,0,0,1,0,1,0,0,1
1415,1,0,1,0,1,0,0,1,0,1,0,0,6
1416,1,0,1,0,1,0,0,1,0,1,0,0,8
1417,1,0,1,0,1,0,0,1,0,1,0,0,15
1418,1,0,1,0,1,0,0,1,0,1,0,0,22
1419,1,0,1,0,1,0,0,1,0,1,0,1,1
1420,1,0,1,0,1,0,0,1,0,1,0,1,8
1421,1,0,1,0,1,0,0,1,0,1,0,1,17
1422,1,0,1,0,1,0,0,1,0,1,0,1,22
1423,1,0,1,0,1,0,0,1,0,1,1,0,1
1424,1,0,1,0,1,0,0,1,0,1,1,0,8
1425,1,0,1,0,1,0,0,1,0,1,1,0,15
1426,1,0,1,0,1,0,0,1,0,1,1,0,17
1427,1,0,1,0,1,0,0,1,0,1,1,1,1
1428,1,0,1,0,1,0,0,1,0,1,1,1,8
1429,1,0,1,0,1,0,0,1,0,1,1,1,17
1430,1,0,1,0,1,0,0,1,0,1,1,1,22
1431,1,0,1,0,1,0,0,1,1,0,0,1,1
1432,1,0,1,0,1,0,0,1,1,1,0,1,8
1433,1,0,1,0,1,0,0,1,1,1,0,1,22
1434,1,0,1,0,1,0,1,0,0,0,0,1,17
1435,1,0,1,0,1,0,1,0,0,0,0,1,24
1436,1,0,1,0,1,0,1,0,0,1,0,0,8
1437,1,0,1,0,1,0,1,0,0,1,0,1,8
1438,1,0,1,0,1,0,1,0,1,1,0,0,10
1439,1,0,1,0,1,0,1,1,0,0,0,0,1
1440,1,0,1,0,1,0,1,1,0,0,0,0,8
1441,1,0,1,0,1,0,1,1,0,0,0,0,17
1442,1,0,1,0,1,0,1,1,0,0,0,1,8
1443,1,0,1,0,1,0,1,1,0,0,0,1,17
1444,1,0,1,0,1,0,1,1,0,0,0,1,22
1445,1,0,1,0,1,0,1,1,0,0,1,0,20
1446,1,0,1,0,1,0,1,1,0,1,0,0,8
1447,1,0,1,0,1,0,1,1,0,1,0,0,15
1448,1,0,1,0,1,0,1,1,0,1,0,0,17
1449,1,0,1,0,1,0,1,1,0,1,0,0,22
1450,1,0,1,0,1,0,1,1,0,1,0,1,8
1451,1,0,1,0,1,0,1,1,0,1,0,1,17
1452,1,0,1,0,1,0,1,1,0,1,0,1,22
1453,1,0,1,0,1,0,1,1,0,1,1,1,17
1454,1,0,1,0,1,0,1,1,1,1,0,1,5
1455,1,0,1,0,1,0,1,1,1,1,0,1,8
1456,1,0,1,0,1,0,1,1,1,1,0,1,17
1457,1,0,1,0,1,0,1,1,1,1,0,1,22
1458,1,0,1,0,1,1,0,0,0,0,0,0,15
1459,1,0,1,0,1,1,0,0,0,0,1,0,6
1460,1,0,1,0,1,1,0,0,0,0,1,0,15
1461,1,0,1,0,1,1,0,0,0,1,0,0,1
1462,1,0,1,0,1,1,0,0,0,1,0,0,15
1463,1,0,1,0,1,1,0,0,0,1,0,0,22
1464,1,0,1,0,1,1,0,0,0,1,0,1,1
1465,1,0,1,0,1,1,0,0,0,1,0,1,22
1466,1,0,1,0,1,1,0,0,0,1,1,0,6
1467,1,0,1,0,1,1,0,0,0,1,1,0,15
1468,1,0,1,0,1,1,0,0,1,1,0,0,22
1469,1,0,1,0,1,1,0,0,1,1,0,1,1
1470,1,0,1,0,1,1,0,0,1,1,0,1,8
1471,1,0,1,0,1,1,0,0,1,1,0,1,22
1472,1,0,1,0,1,1,0,1,0,0,0,0,1
1473,1,0,1,0,1,1,0,1,0,0,0,0,6
1474,1,0,1,0,1,1,0,1,0,0,0,0,13
1475,1,0,1,0,1,1,0,1,0,0,0,0,15
1476,1,0,1,0,1,1,0,1,0,0,0,1,1
1477,1,0,1,0,1,1,0,1,0,0,0,1,8
1478,1,0,1,0,1,1,0,1,0,0,0,1,22
1479,1,0,1,0,1,1,0,1,0,0,1,0,1
1480,1,0,1,0,1,1,0,1,0,0,1,0,6
1481,1,0,1,0,1,1,0,1,0,0,1,0,15
1482,1,0,1,0,1,1,0,1,0,0,1,1,1
1483,1,0,1,0,1,1,0,1,0,1,0,0,1
1484,1,0,1,0,1,1,0,1,0,1,0,0,6
1485,1,0,1,0,1,1,0,1,0,1,0,0,15
1486,1,0,1,0,1,1,0,1,0,1,0,0,22
1487,1,0,1,0,1,1,0,1,0,1,0,1,1
1488,1,0,1,0,1,1,0,1,0,1,0,1,15
1489,1,0,1,0,1,1,0,1,0,1,0,1,17
1490,1,0,1,0,1,1,0,1,0,1,0,1,22
1491,1,0,1,0,1,1,0,1,0,1,1,0,1
1492,1,0,1,0,1,1,0,1,0,1,1,0,6
1493,1,0,1,0,1,1,0,1,0,1,1,0,15
1494,1,0,1,0,1,1,0,1,0,1,1,1,15
1495,1,0,1,0,1,1,0,1,1,1,0,0,15
1496,1,0,1,0,1,1,0,1,1,1,0,1,1
1497,1,0,1,0,1,1,0,1,1,1,0,1,8
1498,1,0,1,0,1,1,0,1,1,1,0,1,22
1499,1,0,1,0,1,1,0,1,1,1,1,0,15
1500,1,0,1,0,1,1,0,1,1,1,1,1,15
1501,1,0,1,0,1,1,1,0,0,1,0,0,8
1502,1,0,1,0,1,1,1,0,0,1,0,0,22
1503,1,0,1,0,1,1,1,1,0,1,0,0,8
1504,1,0,1,0,1,1,1,1,0,1,0,0,17
1505,1,0,1,0,1,1,1,1,0,1,0,1,17
1506,1,0,1,0,1,1,1,1,0,1,0,1,22
1507,1,0,1,0,1,1,1,1,1,1,0,0,1
1508,1,0,1,0,1,1,1,1,1,1,0,1,22
1509,1,0,1,1,0,0,0,0,0,0,1,0,18
1510,1,0,1,1,0,0,0,0,0,1,1,0,20
1511,1,0,1,1,0,0,0,0,0,1,1,1,20
1512,1,0,1,1,0,0,0,0,1,0,0,0,13
1513,1,0,1,1,0,0,0,1,0,0,0,0,13
1514,1,0,1,1,0,0,0,1,0,0,0,0,20
1515,1,0,1,1,0,0,0,1,0,0,0,1,13
1516,1,0,1,1,0,0,0,1,0,0,0,1,20
1517,1,0,1,1,0,0,0,1,0,0,1,0,13
1518,1,0,1,1,0,0,0,1,0,0,1,0,20
1519,1,0,1,1,0,0,0,1,0,0,1,1,13
1520,1,0,1,1,0,0,0,1,0,1,0,1,8
1521,1,0,1,1,0,0,0,1,0,1,1,0,13
1522,1,0,1,1,0,0,0,1,0,1,1,0,20
1523,1,0,1,1,0,0,0,1,1,0,0,0,1
1524,1,0,1,1,0,0,0,1,1,0,0,0,13
1525,1,0,1,1,0,0,0,1,1,0,0,0,18
1526,1,0,1,1,0,0,0,1,1,0,1,0,13
1527,1,0,1,1,0,0,0,1,1,0,1,0,18
1528,1,0,1,1,0,0,1,0,0,1,0,0,6
1529,1,0,1,1,0,0,1,0,0,1,0,0,20
1530,1,0,1,1,0,0,1,0,0,1,1,0,20
1531,1,0,1,1,0,0,1,1,0,0,1,0,13
1532,1,0,1,1,0,0,1,1,0,1,0,0,20
1533,1,0,1,1,0,0,1,1,0,1,1,0,20
1534,1,0,1,1,0,1,0,0,0,0,1,0,13
1535,1,0,1,1,0,1,0,0,0,0,1,0,18
1536,1,0,1,1,0,1,0,0,0,1,0,0,20
1537,1,0,1,1,0,1,0,0,0,1,1,0,20
1538,1,0,1,1,0,1,0,0,1,0,1,0,13
1539,1,0,1,1,0,1,0,0,1,0,1,0,18
1540,1,0,1,1,0,1,0,1,0,0,0,0,13
1541,1,0,1,1,0,1,0,1,0,0,0,0,20
1542,1,0,1,1,0,1,0,1,0,0,0,1,13
1543,1,0,1,1,0,1,0,1,0,0,0,1,20
1544,1,0,1,1,0,1,0,1,0,0,1,0,4
1545,1,0,1,1,0,1,0,1,0,0,1,0,13
1546,1,0,1,1,0,1,0,1,0,0,1,0,18
1547,1,0,1,1,0,1,0,1,0,0,1,0,20
1548,1,0,1,1,0,1,0,1,0,0,1,1,13
1549,1,0,1,1,0,1,0,1,0,1,0,0,11
1550,1,0,1,1,0,1,0,1,0,1,1,0,20
1551,1,0,1,1,0,1,0,1,1,0,0,0,13
1552,1,0,1,1,0,1,0,1,1,0,0,0,18
1553,1,0,1,1,0,1,0,1,1,0,0,1,4
1554,1,0,1,1,0,1,0,1,1,0,1,0,1
1555,1,0,1,1,0,1,0,1,1,0,1,0,4
1556,1,0,1,1,0,1,0,1,1,0,1,0,13
1557,1,0,1,1,0,1,0,1,1,0,1,0,18
1558,1,0,1,1,0,1,0,1,1,0,1,1,4
1559,1,0,1,1,0,1,0,1,1,0,1,1,13
1560,1,0,1,1,0,1,0,1,1,1,1,0,13
1561,1,0,1,1,0,1,0,1,1,1,1,1,13
1562,1,0,1,1,0,1,1,0,0,0,0,0,13
1563,1,0,1,1,0,1,1,0,0,0,1,0,13
1564,1,0,1,1,0,1,1,0,0,1,1,0,6
1565,1,0,1,1,0,1,1,1,0,0,0,0,13
1566,1,0,1,1,0,1,1,1,0,0,1,0,13
1567,1,0,1,1,0,1,1,1,0,1,1,0,20
1568,1,0,1,1,0,1,1,1,1,0,0,0,13
1569,1,0,1,1,0,1,1,1,1,0,1,0,4
1570,1,0,1,1,0,1,1,1,1,0,1,0,13
1571,1,0,1,1,1,0,0,0,1,0,1,0,2
1572,1,0,1,1,1,0,0,1,0,0,0,0,20
1573,1,0,1,1,1,0,0,1,0,0,0,1,13
1574,1,0,1,1,1,0,0,1,0,1,0,1,8
1575,1,0,1,1,1,0,0,1,0,1,0,1,22
1576,1,0,1,1,1,0,1,0,0,1,0,0,8
1577,1,0,1,1,1,0,1,1,0,0,0,1,17
1578,1,0,1,1,1,0,1,1,0,1,1,0,20
1579,1,0,1,1,1,0,1,1,1,1,0,0,15
1580,1,0,1,1,1,1,0,0,0,1,1,0,6
1581,1,0,1,1,1,1,0,0,1,0,0,0,16
1582,1,0,1,1,1,1,0,0,1,0,1,0,16
1583,1,0,1,1,1,1,0,1,0,0,0,0,8
1584,1,0,1,1,1,1,0,1,0,1,0,1,1
1585,1,0,1,1,1,1,0,1,1,0,0,0,18
1586,1,0,1,1,1,1,0,1,1,0,1,1,18
1587,1,0,1,1,1,1,1,0,1,0,0,1,2
1588,1,0,1,1,1,1,1,0,1,0,1,0,16
1589,1,0,1,1,1,1,1,1,0,1,1,1,20
1590,1,1,0,0,0,0,0,0,0,0,1,1,8
1591,1,1,0,0,0,0,0,0,1,0,0,0,9
1592,1,1,0,0,0,0,1,1,0,1,1,0,20
1593,1,1,0,0,0,1,0,0,0,0,1,0,18
1594,1,1,0,0,0,1,0,0,0,1,0,0,3
1595,1,1,0,0,0,1,0,0,0,1,0,0,15
1596,1,1,0,0,0,1,0,0,1,0,0,0,2
1597,1,1,0,0,0,1,0,0,1,0,0,0,6
1598,1,1,0,0,0,1,0,0,1,0,0,0,18
1599,1,1,0,0,0,1,0,0,1,0,1,0,2
1600,1,1,0,0,0,1,0,0,1,0,1,0,18
1601,1,1,0,0,0,1,0,0,1,1,1,0,18
1602,1,1,0,0,0,1,0,1,0,1,0,0,15
1603,1,1,0,0,0,1,0,1,0,1,1,0,6
1604,1,1,0,0,0,1,0,1,1,0,1,0,9
1605,1,1,0,0,0,1,0,1,1,0,1,0,18
1606,1,1,0,0,0,1,1,0,0,1,1,0,23
1607,1,1,0,0,0,1,1,0,1,0,1,0,2
1608,1,1,0,0,0,1,1,0,1,1,1,0,23
1609,1,1,0,0,1,0,0,0,1,1,0,1,5
1610,1,1,0,0,1,0,0,1,0,0,0,0,18
1611,1,1,0,0,1,0,0,1,0,1,0,0,17
1612,1,1,0,0,1,0,0,1,1,0,1,0,4
1613,1,1,0,0,1,0,1,0,1,1,0,1,10
1614,1,1,0,0,1,0,1,1,0,1,0,0,17
1615,1,1,0,0,1,0,1,1,0,1,0,1,17
1616,1,1,0,0,1,0,1,1,0,1,0,1,22
1617,1,1,0,0,1,1,0,0,0,1,0,0,15
1618,1,1,0,0,1,1,0,0,1,1,0,1,14
1619,1,1,0,0,1,1,0,1,0,1,0,0,15
1620,1,1,0,0,1,1,0,1,0,1,0,1,15
1621,1,1,0,0,1,1,0,1,1,0,1,0,4
1622,1,1,0,0,1,1,0,1,1,0,1,0,18
1623,1,1,0,0,1,1,0,1,1,0,1,1,18
1624,1,1,0,0,1,1,0,1,1,1,0,1,15
1625,1,1,0,0,1,1,0,1,1,1,1,1,18
1626,1,1,0,0,1,1,1,1,1,0,1,0,18
1627,1,1,0,1,0,0,0,0,0,0,1,0,16
1628,1,1,0,1,0,0,0,0,1,0,0,0,5
1629,1,1,0,1,0,0,0,0,1,0,0,0,21
1630,1,1,0,1,0,0,0,0,1,0,1,0,5
1631,1,1,0,1,0,0,0,0,1,0,1,0,9
1632,1,1,0,1,0,0,0,0,1,0,1,0,16
1633,1,1,0,1,0,0,0,1,0,0,0,0,9
1634,1,1,0,1,0,0,0,1,0,0,1,0,9
1635,1,1,0,1,0,0,0,1,1,0,0,0,13
1636,1,1,0,1,0,0,0,1,1,0,1,0,9
1637,1,1,0,1,0,0,1,0,0,0,1,0,2
1638,1,1,0,1,0,0,1,0,1,0,0,0,5
1639,1,1,0,1,0,0,1,0,1,0,0,0,14
1640,1,1,0,1,0,0,1,0,1,0,0,0,16
1641,1,1,0,1,0,0,1,0,1,0,1,0,16
1642,1,1,0,1,0,0,1,0,1,0,1,0,23
1643,1,1,0,1,0,0,1,0,1,1,0,0,5
1644,1,1,0,1,0,0,1,0,1,1,0,0,14
1645,1,1,0,1,0,0,1,0,1,1,1,0,16
1646,1,1,0,1,0,0,1,1,1,0,1,0,16
1647,1,1,0,1,0,1,0,0,0,1,1,0,6
1648,1,1,0,1,0,1,0,0,0,1,1,0,23
1649,1,1,0,1,0,1,0,0,1,0,0,0,2
1650,1,1,0,1,0,1,0,0,1,0,0,0,9
1651,1,1,0,1,0,1,0,0,1,0,0,0,18
1652,1,1,0,1,0,1,0,0,1,0,1,0,2
1653,1,1,0,1,0,1,0,0,1,0,1,0,9
1654,1,1,0,1,0,1,0,0,1,0,1,0,18
1655,1,1,0,1,0,1,0,0,1,0,1,0,23
1656,1,1,0,1,0,1,0,0,1,0,1,1,18
1657,1,1,0,1,0,1,0,1,0,0,0,0,9
1658,1,1,0,1,0,1,0,1,0,0,0,0,18
1659,1,1,0,1,0,1,0,1,0,0,1,0,4
1660,1,1,0,1,0,1,0,1,0,0,1,0,23
1661,1,1,0,1,0,1,0,1,1,0,0,0,18
1662,1,1,0,1,0,1,0,1,1,0,1,0,4
1663,1,1,0,1,0,1,0,1,1,0,1,0,9
1664,1,1,0,1,0,1,0,1,1,0,1,0,18
1665,1,1,0,1,0,1,0,1,1,0,1,1,4
1666,1,1,0,1,0,1,1,0,0,1,1,0,6
1667,1,1,0,1,0,1,1,0,0,1,1,0,23
1668,1,1,0,1,0,1,1,0,1,0,0,0,2
1669,1,1,0,1,0,1,1,0,1,0,1,0,2
1670,1,1,0,1,0,1,1,0,1,0,1,0,16
1671,1,1,0,1,0,1,1,0,1,0,1,0,21
1672,1,1,0,1,0,1,1,0,1,0,1,1,16
1673,1,1,0,1,0,1,1,0,1,1,1,0,23
1674,1,1,0,1,0,1,1,1,1,0,0,1,2
1675,1,1,0,1,0,1,1,1,1,0,1,0,18
1676,1,1,0,1,0,1,1,1,1,1,1,0,16
1677,1,1,0,1,0,1,1,1,1,1,1,1,2
1678,1,1,0,1,0,1,1,1,1,1,1,1,16
1679,1,1,0,1,1,0,0,0,0,1,0,0,14
1680,1,1,0,1,1,0,0,0,1,0,0,0,19
1681,1,1,0,1,1,0,0,0,1,0,0,1,14
1682,1,1,0,1,1,0,0,1,1,0,1,0,4
1683,1,1,0,1,1,0,1,0,0,1,0,1,5
1684,1,1,0,1,1,0,1,0,1,0,0,0,5
1685,1,1,0,1,1,0,1,0,1,0,0,0,14
1686,1,1,0,1,1,0,1,0,1,0,0,1,14
1687,1,1,0,1,1,0,1,0,1,1,0,0,5
1688,1,1,0,1,1,0,1,0,1,1,0,0,14
1689,1,1,0,1,1,0,1,0,1,1,0,1,14
1690,1,1,0,1,1,0,1,1,0,1,0,1,14
1691,1,1,0,1,1,0,1,1,1,0,0,1,14
1692,1,1,0,1,1,0,1,1,1,1,0,0,14
1693,1,1,0,1,1,0,1,1,1,1,0,1,14
1694,1,1,0,1,1,1,0,1,1,0,0,0,18
1695,1,1,0,1,1,1,0,1,1,0,1,0,4
1696,1,1,0,1,1,1,0,1,1,0,1,0,18
1697,1,1,0,1,1,1,0,1,1,0,1,1,18
1698,1,1,0,1,1,1,1,0,0,1,1,0,23
1699,1,1,0,1,1,1,1,0,1,0,0,0,5
1700,1,1,0,1,1,1,1,0,1,0,1,0,23
1701,1,1,0,1,1,1,1,0,1,1,0,0,14
1702,1,1,0,1,1,1,1,0,1,1,1,0,2
1703,1,1,0,1,1,1,1,0,1,1,1,0,10
1704,1,1,0,1,1,1,1,0,1,1,1,1,2
1705,1,1,0,1,1,1,1,1,1,0,0,1,14
1706,1,1,1,0,0,0,0,1,0,0,0,1,8
1707,1,1,1,0,0,0,1,0,0,1,0,0,3
1708,1,1,1,0,0,0,1,1,0,1,0,1,8
1709,1,1,1,0,0,1,0,0,0,1,0,0,15
1710,1,1,1,0,0,1,0,0,0,1,0,1,1
1711,1,1,1,0,0,1,0,1,1,1,0,0,1
1712,1,1,1,0,1,0,0,0,0,0,0,0,17
1713,1,1,1,0,1,0,0,0,0,0,1,0,15
1714,1,1,1,0,1,0,0,0,1,0,0,1,2
1715,1,1,1,0,1,0,0,1,0,0,0,1,3
1716,1,1,1,0,1,0,0,1,0,0,1,0,15
1717,1,1,1,0,1,0,0,1,0,1,0,0,17
1718,1,1,1,0,1,0,0,1,0,1,0,1,17
1719,1,1,1,0,1,0,1,0,0,0,0,1,24
1720,1,1,1,0,1,0,1,0,0,0,1,1,24
1721,1,1,1,0,1,0,1,0,0,1,0,0,8
1722,1,1,1,0,1,0,1,0,0,1,0,1,10
1723,1,1,1,0,1,0,1,0,1,0,0,1,2
1724,1,1,1,0,1,0,1,0,1,1,0,1,14
1725,1,1,1,0,1,0,1,0,1,1,0,1,19
1726,1,1,1,0,1,0,1,0,1,1,1,1,14
1727,1,1,1,0,1,0,1,1,0,0,0,1,8
1728,1,1,1,0,1,0,1,1,0,1,0,0,15
1729,1,1,1,0,1,0,1,1,0,1,0,1,17
1730,1,1,1,0,1,0,1,1,0,1,0,1,22
1731,1,1,1,0,1,0,1,1,1,1,0,0,17
1732,1,1,1,0,1,1,0,0,0,1,0,0,15
1733,1,1,1,0,1,1,0,0,0,1,1,0,15
1734,1,1,1,0,1,1,0,0,1,1,0,0,15
1735,1,1,1,0,1,1,0,1,0,1,0,0,15
1736,1,1,1,0,1,1,0,1,0,1,0,1,15
1737,1,1,1,0,1,1,0,1,0,1,1,0,15
1738,1,1,1,0,1,1,0,1,0,1,1,1,17
1739,1,1,1,0,1,1,0,1,1,1,0,0,15
1740,1,1,1,0,1,1,0,1,1,1,1,1,15
1741,1,1,1,0,1,1,1,0,0,0,0,1,17
1742,1,1,1,0,1,1,1,0,0,1,0,0,24
1743,1,1,1,0,1,1,1,1,0,1,0,0,6
1744,1,1,1,0,1,1,1,1,1,1,1,1,17
1745,1,1,1,0,1,1,1,1,1,1,1,1,20
1746,1,1,1,1,0,0,1,0,1,0,0,0,16
1747,1,1,1,1,0,1,0,0,1,0,1,1,15
1748,1,1,1,1,0,1,0,1,0,0,1,0,4
1749,1,1,1,1,0,1,0,1,1,0,1,0,4
1750,1,1,1,1,0,1,1,0,1,0,1,0,16
1751,1,1,1,1,1,0,0,0,1,0,1,1,2
1752,1,1,1,1,1,0,0,1,0,0,0,1,17
1753,1,1,1,1,1,0,1,0,1,1,0,1,10
1754,1,1,1,1,1,0,1,0,1,1,1,0,14
1755,1,1,1,1,1,1,0,0,0,0,1,0,16
1756,1,1,1,1,1,1,0,0,0,0,1,1,16
1757,1,1,1,1,1,1,0,0,1,0,0,1,16
1758,1,1,1,1,1,1,0,0,1,0,1,0,16
1759,1,1,1,1,1,1,0,0,1,0,1,1,16
1760,1,1,1,1,1,1,0,1,0,1,0,0,15
1761,1,1,1,1,1,1,0,1,1,0,1,1,18
1762,1,1,1,1,1,1,0,1,1,1,1,1,15
1763,1,1,1,1,1,1,1,0,0,0,1,0,16
1764,1,1,1,1,1,1,1,0,1,0,0,1,2
1765,1,1,1,1,1,1,1,0,1,0,1,0,2
1766,1,1,1,1,1,1,1,0,1,0,1,0,16
1767,1,1,1,1,1,1,1,1,1,0,1,1,15
1768,1,1,1,1,1,1,1,1,1,0,1,1,16
1769,1,1,1,1,1,1,1,1,1,1,0,1,15
1770,1,1,1,1,1,1,1,1,1,1,1,0,15
1771,1,1,1,1,1,1,1,1,1,1,1,1,13
1772,1,1,1,1,1,1,1,1,1,1,1,1,16
1773,1,1,1,1,1,1,1,1,1,1,1,1,19
